"treeID","XTOP","YTOP","ZTOP","z_max","z_sd","i_mean","i_max"
"MLBS00060",542492.266,4136644.618,15.953,15.953,5.21637274438327,123.738683127572,497
"MLBS00061",542485.45,4136651.381,16.752,16.752,5.71189290354285,112.585409252669,554
"MLBS00067",542496.23,4136648.08,16.168,16.168,4.61693965521654,210.831578947368,531
"MLBS00070",542497.022,4136648.371,16.48,16.48,4.68317599945987,165.447488584475,543
"MLBS00072",542503.733,4136645.057,16.077,16.077,5.49407769448586,67.1147540983606,274
"MLBS00073",542504.593,4136643.185,17.326,17.326,6.44040869626069,75.2736842105263,459
"MLBS00074",542503.713,4136649.275,17.22,17.22,6.81794677959026,102.151658767773,441
"MLBS00075",542501.931,4136648.86,17.428,17.428,6.01940581770857,91.056338028169,400
"MLBS00077",542504.111,4136651.765,18.042,18.042,6.54237146247815,139.027692307692,535
"MLBS00078",542493.612,4136656.947,17.131,17.131,5.61296417428237,137.578288100209,554
"MLBS00079",542496.202,4136660.147,19.262,19.262,7.33404386545164,121.007978723404,447
"MLBS00081",542488.945,4136659.948,17.855,17.855,6.01121128350741,134.329230769231,541
"MLBS00082",542485.785,4136660.724,17.216,17.216,5.38915928755443,128.086294416244,541
"MLBS00083",542487.753,4136652.736,15.86,15.86,5.89354738320022,152.208904109589,543
"MLBS00086",542495.297,4136659.363,19.049,19.049,6.65107363338679,118.984771573604,519
"MLBS00087",542499.505,4136659.635,18.079,18.079,6.15858898846271,107.126712328767,479
"MLBS00088",542504.467,4136659.086,18.369,18.369,6.70042264612061,123.001808318264,577
"MLBS00091",542499.365,4136655.421,18.499,18.499,6.78545972183015,159.655555555556,492
"MLBS00094",542498.254,4136653.151,19.337,19.337,6.3100250209146,142.79702970297,551
"MLBS00095",542498.587,4136653.717,19.558,19.558,6.11942090659956,168.888178913738,551
"MLBS00096",542489.642,4136660.476,18.521,18.521,6.6911722964189,153.98679245283,532
"MLBS00100A",542525.529,4136745.561,91.947,91.947,6.75758911656618,125.017326732673,488
"MLBS00103",542529.598,4136751.25,14.537,14.537,5.12407398815613,131.6,605
"MLBS00107",542533.513,4136744.127,16.008,16.008,5.32349454908902,93.9591836734694,429
"MLBS00113",542532.482,4136753.661,15.489,15.489,5.11555052690733,87.5874125874126,463
"MLBS00114",542531.383,4136754.692,16.137,16.137,4.87727071897461,67.190019193858,463
"MLBS00117",542533.747,4136757.232,15.851,15.851,5.29990727336102,107.563106796117,447
"MLBS00128",542530.839,4136757.482,142.462,142.462,11.4728886245954,133.134831460674,480
"MLBS00133",542519.778,4136760.05,17.104,17.104,5.41238184452842,122.145299145299,469
"MLBS00135",542518.255,4136760.602,17.158,17.158,5.56570001526406,77.453125,458
"MLBS00136",542521.888,4136757.304,16.454,16.454,4.8752504237392,84.8852459016394,336
"MLBS00137",542519.841,4136756.902,16.371,16.371,5.19865703478553,93.0350877192982,433
"MLBS00138A",542514.534,4136753.452,16.225,16.225,4.69505866686006,102.197026022305,506
"MLBS00139",542521.729,4136754.736,16.24,16.24,5.3249037734911,91.4471698113207,540
"MLBS001390",542107.965,4136758.199,18.919,18.919,5.56051502169858,116.889248181083,493
"MLBS00143",542522.79,4136748.179,14.435,14.435,4.60958219997455,137.589108910891,586
"MLBS00144",542518.338,4136745.571,18.134,18.134,5.69326761257537,140.840958605664,565
"MLBS00146",542521.015,4136742.028,16.035,16.035,5.34988964382595,150.339449541284,548
"MLBS00147A",542525.529,4136745.561,91.947,91.947,6.76997087430744,135.633004926108,548
"MLBS00154",542517.087,4136765.149,17.116,17.116,5.12902360646036,102.847058823529,513
"MLBS00155",542524.811,4136767.001,15.718,15.718,4.56463698484226,85.6833333333333,354
"MLBS00162",542515.349,4136769.801,17.428,17.428,6.79599331119886,114.525328330206,537
"MLBS00168A",542523.74,4136772.321,16.964,16.964,5.13441016170101,91.7456359102244,501
"MLBS00170A",542517.22,4136774.093,17.579,17.579,6.36773932372868,103.85447761194,446
"MLBS00171",542517.358,4136777.806,16.145,16.145,4.67921953567719,83.2432432432432,259
"MLBS00172",542518.92,4136780.948,16.139,16.139,4.97016716376849,96.0121951219512,305
"MLBS00173",542520.857,4136782.455,15.564,15.564,5.21516497929887,164.439393939394,495
"MLBS00175",542522.39,4136778.066,16.891,16.891,3.73764688868812,111.553846153846,494
"MLBS00177",542525.074,4136774.277,18.83,18.83,4.67342832201528,167.505952380952,538
"MLBS00178A",542525.074,4136774.277,18.735,18.735,5.84628185699563,173.313852813853,536
"MLBS0017A",542515.383,4136774.732,16.733,16.733,4.44235076238368,125.942731277533,463
"MLBS00181",542526.603,4136774.202,18.597,18.597,6.8624463839776,96.9696048632219,536
"MLBS00183",542533.946,4136777.518,17.861,17.861,4.73706461137178,107.526570048309,408
"MLBS00186",542528.6,4136779.389,18.156,18.156,6.23223872737231,126.795620437956,463
"MLBS00187",542525.745,4136781.693,16.068,16.068,5.70607989015113,111.78,486
"MLBS001887",538577.034,4142311.629,21.761,21.761,7.97586891377027,87.6682926829268,388
"MLBS00192",542532.254,4136781.375,14.014,14.014,5.0479109439897,129.404761904762,509
"MLBS00193",542526.427,4136765.558,16.053,16.053,5.84817928484355,84.961038961039,479
"MLBS00194",542531.164,4136763.936,15.989,15.989,6.56831579470447,113.771653543307,475
"MLBS00197",542532.111,4136772.896,17.623,17.623,6.27874837004166,114.886486486486,485
"MLBS00198B",542531.104,4136769.033,16.908,16.908,6.8003155386107,139.864661654135,511
"MLBS00201",542413.159,4136723.657,18.274,18.274,4.95914594123661,168.813513513514,514
"MLBS00202C",542401.912,4136719.93,19.403,19.403,5.1099161612523,107.865517241379,560
"MLBS00204",542410.18,4136724.696,17.404,17.404,4.12885871154682,147.697571743929,548
"MLBS00215",542412.918,4136729.282,17.912,17.912,4.53742407112484,120.874224977857,501
"MLBS00216",542407.855,4136732.397,18.212,18.212,4.07248454411893,88.0285714285714,469
"MLBS00217",542411.909,4136733.735,16.689,16.689,6.00767437186261,101.167785234899,479
"MLBS00227",542399.744,4136728.537,17.555,17.555,6.327047417383,131.180746561886,546
"MLBS00229",542401.931,4136728.816,16.754,16.754,5.83251450863981,100.214776632302,572
"MLBS00233",542400.598,4136727.966,17.96,17.96,6.14694078920519,96.9100864553314,520
"MLBS00251A",542397.154,4136723.736,17.95,17.95,5.85791734131795,102.245478036176,510
"MLBS00252",542396.401,4136724.234,17.999,17.999,6.18843151100656,143.32774049217,541
"MLBS00255",542400.43,4136723.012,17.81,17.81,5.27366812655881,86.8288770053476,433
"MLBS00256",542400.315,4136720.41,18.622,18.622,6.03913958372435,126.128888888889,479
"MLBS00265",542394.021,4136720.4,17.728,17.728,6.07535007460386,128.784210526316,534
"MLBS00274",542401.912,4136719.93,19.439,19.439,6.20311138382512,137.501730103806,560
"MLBS00277",542399.231,4136719.091,17.18,17.18,5.74174413843558,120.190789473684,554
"MLBS00279",542375.784,4136751.99,127.767,127.767,8.69363369674132,98.7806788511749,441
"MLBS00282",542378.163,4136748.32,17.974,17.974,6.85809195129193,107.292993630573,524
"MLBS00283A",542375.022,4136749.356,17.267,17.267,6.5898107840857,93.1954674220963,387
"MLBS00285",542375.784,4136751.99,127.767,127.767,7.8921638979261,109.889349930844,495
"MLBS00287",542383.789,4136750.578,19.478,19.478,5.4835417576321,93.7790432801822,434
"MLBS00289",542382.572,4136746.782,18.944,18.944,6.41391062781814,91.4028436018957,401
"MLBS00292A",542374.221,4136744.13,19.351,19.351,7.199700480123,166.790843806104,544
"MLBS00295",542378.163,4136748.32,17.99,17.99,6.98339525826998,120.112820512821,485
"MLBS00297",542380.312,4136737.982,122.421,122.421,6.52261425370753,84.6094559585492,518
"MLBS00302",542381.698,4136736.253,19.391,19.391,6.32272041123267,71.1883519206939,496
"MLBS00307",542388.89,4136740.58,20.338,20.338,5.464323494187,115.913178294574,557
"MLBS00311",542390.32,4136737.367,17.903,17.903,4.44511555950315,112.840425531915,452
"MLBS00312",542389.574,4136740.88,19.529,19.529,5.63673285720193,130.391402714932,497
"MLBS00318",542382.482,4136742.573,18.768,18.768,6.93753441959205,135.335812964931,495
"MLBS00323",542387.749,4136742.122,19.699,19.699,6.31807657124261,116.673417721519,463
"MLBS00328",542388.858,4136746.53,18.918,18.918,5.78057706998775,116.106382978723,469
"MLBS00329",542388.258,4136751.657,20.119,20.119,6.19335073442129,97.3515358361775,420
"MLBS00335",542385.938,4136751.872,20.424,20.424,6.68383457126357,96.8325872873769,459
"MLBS00337",542384.794,4136751.78,19.886,19.886,7.68389223479526,109.732824427481,459
"MLBS00344",542168.445,4136407.588,21.138,21.138,7.64638199090172,129.159144893112,521
"MLBS00345",542167.141,4136408.564,21.763,21.763,7.55424726087767,133.322815533981,567
"MLBS00359",542166.36,4136413.937,21.351,21.351,6.26456453146591,152.203053435114,570
"MLBS00363",542175.693,4136416.79,18.905,18.905,7.21935501642105,109.557077625571,516
"MLBS00381",542164.546,4136419.961,17.959,17.959,6.2144839409838,145.847619047619,539
"MLBS00386",542178.419,4136420.352,17.444,17.444,6.13665833710927,112.420634920635,508
"MLBS00388",542183.951,4136419.856,18.216,18.216,7.28012020715997,200.005025125628,553
"MLBS00392",542178.584,4136419.802,18.277,18.277,6.03666651392248,143.611111111111,520
"MLBS00395",542178.239,4136410.894,20.576,20.576,7.09078791180846,208.924882629108,578
"MLBS00397",542186.036,4136408.042,18.903,18.903,7.46862369195964,141.085714285714,517
"MLBS00398",542178.239,4136410.894,20.759,20.759,5.66539985687716,192.244186046512,543
"MLBS00399",542176.02,4136409.674,19.956,19.956,6.74100419744582,173.423076923077,546
"MLBS00400",542176.584,4136408.545,20.527,20.527,6.1581068683101,181.045197740113,540
"MLBS00401B",542179.067,4136405.646,19.688,19.688,5.54130933006716,117.632978723404,636
"MLBS00403",542182.062,4136404.688,21.919,21.919,6.35025158295225,228.308724832215,645
"MLBS00404",542186.08,4136406.287,21.564,21.564,8.23866967312437,114.669584245077,490
"MLBS00408",542191.007,4136403.488,21.534,21.534,6.51105282424233,112.571428571429,493
"MLBS00409",542191.007,4136403.488,21.033,21.033,7.44123056650263,136.163793103448,536
"MLBS00410",542195.114,4136405.64,20.998,20.998,7.76553041832116,152.415584415584,567
"MLBS00412",542193.896,4136407.204,20.399,20.399,6.03682785964002,179.351351351351,567
"MLBS00415",542189.359,4136411.74,18.525,18.525,7.16072456614274,164.520833333333,543
"MLBS00417",542186.08,4136406.287,21.491,21.491,8.06691509480702,137.785714285714,475
"MLBS00420",542187.153,4136411.998,18.152,18.152,7.69515791889687,175,521
"MLBS00422",542186.669,4136420.079,19.419,19.419,7.53179412009822,186.883289124668,564
"MLBS00423",542190.829,4136418.443,19.027,19.027,7.10220434815538,159.14798206278,561
"MLBS00424",542197.04,4136403.686,21.353,21.353,7.86126172643895,148.608695652174,567
"MLBS00425",542197.04,4136403.686,21.344,21.344,7.83740598622536,138.082278481013,502
"MLBS00426",542201.079,4136402.52,20.349,20.349,6.773989118072,103.372881355932,458
"MLBS00427",542198.784,4136402.239,20.837,20.837,8.94036963495791,114.28125,329
"MLBS00429",542200.621,4136412.906,19.752,19.752,7.78793166277744,127.618918918919,520
"MLBS00432",542203.377,4136404.915,19.796,19.796,5.71925633206538,112.4,463
"MLBS00433",542198.187,4136403.229,20.977,20.977,8.32250659054898,128.394904458599,525
"MLBS00437",542196.071,4136414.612,19.698,19.698,7.57561144328988,130.605562579014,512
"MLBS00441",542196.853,4136416.338,19.39,19.39,7.87179723642078,122.868965517241,501
"MLBS00444",542195.918,4136420.584,19.27,19.27,7.48769170638422,121.657142857143,514
"MLBS00446",542198.711,4136421.393,20.088,20.088,7.13985306219964,126.523206751055,561
"MLBS00449",542200.621,4136412.906,19.752,19.752,7.18838751377281,134.058673469388,539
"MLBS00454",542046.132,4136387.648,18.932,18.932,6.82699415634147,132.285039370079,552
"MLBS00456",542042.395,4136390.587,19.454,19.454,7.14480740317053,135.56780923994,575
"MLBS00457",542048.365,4136388.956,19.63,19.63,7.72269137648976,130.060307017544,552
"MLBS00460",542055.917,4136394.528,23.21,23.21,8.31407972134399,113.432533733133,607
"MLBS00461",542052.318,4136387.378,20.312,20.312,8.75494795658317,180.054012345679,590
"MLBS00462",542059.233,4136396.879,21.945,21.945,8.47430230406518,99.6454081632653,509
"MLBS00464",542060.461,4136398.402,22.753,22.753,8.56287447459884,121.632416787265,514
"MLBS00467",542057.606,4136399.805,21.857,21.857,8.72927913745327,121.291891891892,469
"MLBS00469",542056.623,4136397.778,22.476,22.476,7.70805825081374,106.19733924612,496
"MLBS00471",542055.83,4136395.652,23.642,23.642,8.55093979133025,131.902777777778,542
"MLBS00473",542051.197,4136396.321,20.986,20.986,7.69195664022974,77.8264150943396,468
"MLBS00474",542048.494,4136401.987,22.906,22.906,7.66704732653044,109.59512195122,560
"MLBS00476",542047.295,4136399.314,20.292,20.292,7.6981697120044,131.391025641026,502
"MLBS00479",542062.715,4136413.631,22.102,22.102,8.35550966054363,169.731746031746,609
"MLBS00480",542066.063,4136410.237,20.656,20.656,8.3697324847897,157.330520393812,575
"MLBS00482",542072.665,4136409.304,22.079,22.079,8.16667300602214,128.522131147541,573
"MLBS00483",542080.151,4136411.305,21.624,21.624,8.24367435253942,109.181818181818,573
"MLBS00484",542076.322,4136403.44,23.342,23.342,7.3730937240361,156.743902439024,538
"MLBS00488",542077.86,4136403.096,21.751,21.751,6.53762407155318,161.573275862069,560
"MLBS00491",542081.602,4136412.63,21.793,21.793,8.60493179395793,114.088972431078,574
"MLBS00496",542081.941,4136416.784,22.946,22.946,8.55318283094961,99.4721030042918,569
"MLBS00497",542075.703,4136418.663,23.124,23.124,8.27055669582591,96.3449367088608,554
"MLBS00498",542074.925,4136418.349,23.115,23.115,8.18132968822701,89.8564742589704,595
"MLBS00503",542066.279,4136419.638,23.197,23.197,8.22805197103807,119.182608695652,543
"MLBS00505",542072.773,4136417.588,22.698,22.698,7.54082807676672,77.3050847457627,584
"MLBS00508",542072.189,4136413.464,22.945,22.945,7.85646791492087,143.981574539363,595
"MLBS00511",542063.889,4136417.241,23.81,23.81,9.12501288684767,211.003636363636,570
"MLBS00513",542066.279,4136419.638,23.197,23.197,6.74198432084837,149.198156682028,532
"MLBS00514",542064.425,4136421.058,23.508,23.508,7.39773866554365,178.295652173913,523
"MLBS00521",541936.898,4136496.083,21.243,21.243,6.97476983163732,134.034990791897,515
"MLBS00532",541930.242,4136506.392,18.284,18.284,6.43215756975952,192.621710526316,532
"MLBS00534",541937.167,4136498.619,19.654,19.654,7.03031873103047,114.571810287241,583
"MLBS00538",541928.228,4136499.868,19.803,19.803,6.12768698123555,131.692111959288,532
"MLBS00544",541935.104,4136512.836,19.988,19.988,6.39035653257808,130.586846543002,510
"MLBS00556",541935.413,4136506.389,18.863,18.863,6.69224630488736,161.598337950139,625
"MLBS00558",541945.014,4136507.356,20.809,20.809,8.14161367553205,139.177914110429,552
"MLBS00559",541941.885,4136510.066,19.917,19.917,7.21412206636218,101.251518833536,476
"MLBS00560",541944.683,4136498.424,18.873,18.873,5.69504467649059,136.15207780725,568
"MLBS00562",541963.336,4136474.744,17.81,17.81,5.8871735690537,79.3905967450271,450
"MLBS00568",541963.66,4136483.833,22.278,22.278,6.22656451262319,175.353751914242,543
"MLBS00578",541957.286,4136473.489,20.599,20.599,6.29397332638232,113.304502369668,525
"MLBS00579",541950.428,4136488.384,18.928,18.928,4.12291964782407,91.3706896551724,349
"MLBS00584",541956.645,4136490.918,17.853,17.853,4.55582545136591,145.244863013699,558
"MLBS00589",541945.701,4136485.894,21.075,21.075,6.57916195286144,98.3299798792757,528
"MLBS00595",541947.278,4136472.824,20.119,20.119,3.85559010050495,188.212209302326,540
"MLBS00597",541947.598,4136482.248,19.319,19.319,4.91536851315781,184.949936628644,579
"MLBS00604",542232.286,4136902.33,19.875,19.875,6.60840973832281,142.346020761246,562
"MLBS00613",542231.278,4136899.656,20.507,20.507,7.86127926065157,147.406779661017,562
"MLBS00621",542228.346,4136887.563,20.816,20.816,8.20891736618193,141.933252427184,568
"MLBS00634A",542225.7,4136886.283,20.845,20.845,7.71521757627552,126.353808353808,495
"MLBS00637",542228.987,4136886.187,21.022,21.022,8.45778958623052,129.713395638629,492
"MLBS00641",542233.742,4136885.92,19.636,19.636,6.36462555701147,209.769911504425,649
"MLBS00644A",542239.082,4136889.189,21.614,21.614,7.56659895933555,155.092,580
"MLBS00645",542239.082,4136889.189,21.614,21.614,7.69583025864878,144.057851239669,568
"MLBS00646",542239.687,4136895.495,20.759,20.759,8.07388412144814,143.724747474747,556
"MLBS00647",542241.457,4136892.617,21.644,21.644,7.98649163699557,115.308823529412,515
"MLBS00651",542229.837,4136870.698,18.677,18.677,6.11135165412262,228.202247191011,600
"MLBS00652",542233.075,4136873.118,20.201,20.201,7.37312368467242,194.648992576882,622
"MLBS00653C",542229.976,4136876.593,18.241,18.241,4.89254629242207,195.050228310502,613
"MLBS00654",542224.942,4136876.086,17.052,17.052,5.64237007590233,191.025089605735,578
"MLBS00656",542233.978,4136878.678,18.323,18.323,6.04470939193871,106.911392405063,485
"MLBS00657",542229.522,4136883.577,19.144,19.144,5.94989666066063,124.445454545455,497
"MLBS00658",542235.354,4136867.315,20.303,20.303,6.65528322504272,129.83039348711,593
"MLBS00661",542235.405,4136867.4,19.182,19.182,6.27820625608358,149.984409799555,593
"MLBS00662",542241.977,4136871.3,20.724,20.724,5.58613242369774,124.68288590604,508
"MLBS00667",542238.964,4136880.105,19.905,19.905,7.77017427188289,151.524429967427,514
"MLBS00670",542241.96,4136885.884,19.568,19.568,7.37074977672608,125.953846153846,496
"MLBS00671",542239.847,4136880.72,20.412,20.412,7.89173552836519,135.064575645756,515
"MLBS00675",542242.808,4136872.329,21.587,21.587,8.55871304294208,117.612954186414,496
"MLBS00687",542097.544,4136877.792,19.909,19.909,7.77782557656958,143.927728613569,581
"MLBS00692",542098.039,4136875.684,19.71,19.71,5.24268141859562,92.7099236641221,502
"MLBS00696",542095.53,4136870.503,19.226,19.226,6.00746123412269,91.8253164556962,463
"MLBS00703",542101.913,4136871.797,19.482,19.482,6.49152236007151,173.190630048465,669
"MLBS00708",542099.519,4136875.321,20.485,20.485,6.49288539630996,151.326732673267,562
"MLBS00712",542107.423,4136866.648,20.733,20.733,5.21403288356812,140.517774343122,495
"MLBS00716",542109.515,4136872.208,17.883,17.883,5.57930272750204,144.853835021708,537
"MLBS00718",542103.01,4136875.28,18.823,18.823,6.31664821900794,129.250965250965,523
"MLBS00718A",542101.964,4136875.964,19.433,19.433,6.03200607462332,132.088050314465,476
"MLBS00725",542110.838,4136881.241,22.121,22.121,6.49432057826253,150.278951817413,537
"MLBS00726",542106.353,4136885.533,20.065,20.065,5.8482251106169,149.201238390093,548
"MLBS00729C",542109.715,4136885.287,20.79,20.79,6.66458927747095,144.032362459547,530
"MLBS00731",542093.837,4136888.67,19.365,19.365,5.82101591385638,142.971334068357,510
"MLBS00732",542095.347,4136888.579,19.05,19.05,6.95852126374514,127.767857142857,549
"MLBS00733A",542103.448,4136894.946,19.594,19.594,6.29545225449572,204.767342582711,604
"MLBS00733B",542101.611,4136892.162,19.263,19.263,6.97185305088127,168.858585858586,561
"MLBS00736",542091.577,4136895.104,17.586,17.586,6.08055948242901,174.187265917603,536
"MLBS00738",542097.221,4136895.677,19.113,19.113,5.83064739613279,228.251533742331,609
"MLBS00743",542096.075,4136903.438,17.505,17.505,4.88756914724955,162.369387755102,538
"MLBS00744",542098.155,4136897.686,18.948,18.948,5.92740572604458,199.2,565
"MLBS00747",542094.762,4136904.302,18.204,18.204,5.83289906297219,108.363636363636,497
"MLBS00749",542099.075,4136898.607,17.778,17.778,5.84717647713453,144.367219917012,594
"MLBS00752",542105.672,4136899.633,17.618,17.618,6.35868155832461,153.599264705882,604
"MLBS00754",542108.762,4136898.936,18.841,18.841,6.40844172487751,160.393700787402,548
"MLBS00757",542109.959,4136895.191,19.269,19.269,6.88259784873833,131.111898016997,545
"MLBS00764",541980.342,4136911.676,19.163,19.163,5.65495658930975,127.419817470665,507
"MLBS00766",541972.807,4136905.666,20.515,20.515,6.12097937558085,102.519553072626,610
"MLBS00772",541974.168,4136899.675,21.725,21.725,7.18042412975539,111.213125,498
"MLBS00773",541974.168,4136899.675,21.725,21.725,6.66543288027862,116.597842835131,479
"MLBS00780",541983.087,4136911.768,19.272,19.272,5.86884055168784,106.662460567823,548
"MLBS00781",541982.45,4136903.46,21.444,21.444,7.01782094475764,124.110709117221,541
"MLBS00788",541990.426,4136899.854,21.77,21.77,7.42410518635296,95.5232974910394,543
"MLBS00791",541984.703,4136899.904,19.045,19.045,6.27073094941172,126.782016348774,541
"MLBS00797",541981.508,4136894.917,19.012,19.012,5.6310402029493,127.003115264798,508
"MLBS00798",541978.87,4136891.327,21.768,21.768,6.67207516852808,128.514036182158,508
"MLBS00819",541979.77,4136918.794,20.287,20.287,7.11863342350946,87.2914285714286,468
"MLBS00820",541975.788,4136919.208,20.096,20.096,6.0755544249291,127.875935828877,553
"MLBS00826",541972.833,4136922.765,22.24,22.24,7.65881698127375,114.970014992504,497
"MLBS00827",541971.568,4136924.185,22.466,22.466,7.07645378448776,116.920251836306,518
"MLBS00833",541972.354,4136929.76,22.342,22.342,7.28814392673304,102.839215686275,475
"MLBS00834",541973.142,4136929.869,22.138,22.138,7.79439257800328,86.271186440678,429
"MLBS00838",541976.268,4136922.19,20.852,20.852,7.98278824085367,101.835710211067,555
"MLBS00840",541990.209,4136930.798,20.962,20.962,8.25232456795039,64.4949494949495,330
"MLBS00842",541989.087,4136925.508,21.152,21.152,7.52203678887756,96.5823529411765,421
"MLBS00847",541979.77,4136918.794,20.273,20.273,7.94727428928063,88.6875,457
"MLBS00853",541987.918,4136912.237,20.947,20.947,6.59671306154587,244.425925925926,601
"MLBS00854",541987.918,4136912.237,20.811,20.811,7.68705549115457,266.058823529412,567
"MLBS00859",541981.906,4136918.039,19.509,19.509,6.26551592864636,105.343642611684,555
"MLBS01069",541974.719,4136792.624,22.363,22.363,7.91242993793482,97.31,387
"MLBS01074",541978.51,4136787.532,22.883,22.883,7.75915254289864,100.848363393454,502
"MLBS01075",541984.21,4136792.539,20.205,20.205,4.69327793971395,120.747967479675,524
"MLBS01080",541982.662,4136782.71,22.268,22.268,7.68112486636358,76.5104253544621,529
"MLBS01082",541981.42,4136782.002,22.289,22.289,8.53738511034781,89.2517680339462,514
"MLBS01088A",541972.141,4136780.158,22.333,22.333,8.6550442649749,84.928225451343,587
"MLBS01096",541990.026,4136775.878,20.613,20.613,8.42861155802407,128.126506024096,486
"MLBS01098",541989.371,4136775.971,20.479,20.479,6.7684005351874,152.418655097614,575
"MLBS01099",541985.024,4136780.409,22.534,22.534,6.91945608697808,110.423510466989,543
"MLBS01100",541985.962,4136778.727,22.31,22.31,7.48878908488529,93.7081604426003,579
"MLBS01103",541987.026,4136784.169,22.226,22.226,8.38192501230192,89.1502029769959,661
"MLBS01110",541991.621,4136797.997,10.737,10.737,3.56474579791273,156.902654867257,668
"MLBS01113",541992.11,4136803.793,20.225,20.225,6.61758594921681,155.445866141732,668
"MLBS01115",541988.185,4136802.524,17.784,17.784,6.07942538070115,172.665914221219,648
"MLBS01116",541980.504,4136811.803,19.568,19.568,7.77751576959478,159.765671641791,667
"MLBS01117",541975.243,4136811.667,21.429,21.429,6.92936110512191,96.9066666666667,519
"MLBS01119",541978.603,4136805.141,20.009,20.009,5.79696126357244,138.943111111111,547
"MLBS01121",541988.546,4136801.533,18.42,18.42,5.57408298480041,144.389888603256,631
"MLBS01128",541974.719,4136792.624,22.363,22.363,7.54928604356149,107.373205741627,506
"MLBS01130",541977.141,4136792.853,20.823,20.823,6.79751283689579,89.3365617433414,629
"MLBS01133",541761.928,4136670.213,19.387,19.387,7.6779947925257,123.194352159468,512
"MLBS01139",541755.207,4136672.635,20.351,20.351,7.48954701048993,93.1150442477876,521
"MLBS01141",541749.345,4136674.802,22.233,22.233,8.15845070097643,100.82037037037,519
"MLBS01147",541747.241,4136672.92,22.724,22.724,7.43559508322638,101.167870036101,553
"MLBS01150",541745.9,4136674.851,24.049,24.049,6.97104624580699,138.100566572238,514
"MLBS01154",541743.249,4136666.496,21.563,21.563,6.08406755483017,87.4697986577181,445
"MLBS01156A",541743.249,4136666.496,21.563,21.563,6.53381151965416,81.7173524150268,420
"MLBS01160",541748.353,4136661.987,17.397,17.397,6.45758766925485,108.438,486
"MLBS01165",541751.609,4136656.501,19.866,19.866,7.67146276760039,81.9925373134328,529
"MLBS01167",541750.776,4136661.139,18.428,18.428,6.95799439820173,125.421276595745,492
"MLBS01170",541752.743,4136656.283,19.524,19.524,7.00691574545965,90.8162939297125,570
"MLBS01172",541753.786,4136665.154,20.681,20.681,7.74237211154703,177.037294015611,621
"MLBS01175",541758.509,4136655.226,18.09,18.09,7.32313660018033,114.976063829787,570
"MLBS01187A",541761.928,4136670.213,19.414,19.414,7.37625766391642,177.308605341246,608
"MLBS01191",541767.429,4136661.221,18.174,18.174,6.45069290460761,156.008350730689,537
"MLBS01192",541761.625,4136656.221,17.451,17.451,7.71850619914362,100.342857142857,318
"MLBS01199",541776.896,4136659.376,20.214,20.214,6.52755854306829,146.550224887556,574
"MLBS01202B",541781.613,4136657.797,21.599,21.599,5.90568360455698,143.443313953488,536
"MLBS01206",541779.982,4136661.627,20.201,20.201,6.19021779889546,122.50599078341,542
"MLBS01208",541781.991,4136657.75,21.651,21.651,7.32680125214772,142.840996168582,542
"MLBS01210",541781.991,4136657.75,21.651,21.651,6.25260564247475,156.095890410959,532
"MLBS01213",541783.871,4136667.329,19.434,19.434,7.35383305935348,134.995584988962,572
"MLBS01219",541772.981,4136672.908,19.809,19.809,7.31328198418015,96.00878477306,556
"MLBS01219A",541769.708,4136672.184,20.915,20.915,6.52253264745316,101.233333333333,556
"MLBS01222",541768.773,4136672.587,20.981,20.981,6.63270951521595,137.890528905289,545
"MLBS01223",541770.343,4136664.797,16.127,16.127,6.16775362103485,182.901886792453,531
"MLBS01226",541916.899,4136643.228,21.157,21.157,7.07511133217343,162.346036585366,585
"MLBS01228",541924.039,4136643.362,22.01,22.01,8.0282915006217,200.099358974359,579
"MLBS01236",541919.435,4136648.954,20.104,20.104,6.43273377345179,125.906779661017,537
"MLBS01238",541920.571,4136649.885,20.348,20.348,6.70199931696271,97.3268416596105,510
"MLBS01242",541917.751,4136660.87,19.238,19.238,5.8750191091624,143.899736147757,496
"MLBS01243",541921.862,4136659.546,18.579,18.579,6.00148037642204,148.418238993711,535
"MLBS01247",541922.418,4136660.999,19.701,19.701,6.04044384952349,137.91377245509,600
"MLBS01250",541934.4,4136654.794,19.748,19.748,6.09179308694664,205.975,536
"MLBS01251",541929.233,4136653.155,19.651,19.651,5.89873715021218,152.159744408946,555
"MLBS01252",541934.796,4136662.4,19.38,19.38,6.01062509979684,200.602809706258,600
"MLBS01256",541929.742,4136652.046,20.542,20.542,6.14649166743576,169.700525394046,581
"MLBS01258",541933.722,4136652.424,21.286,21.286,6.66490411903994,177.824107142857,581
"MLBS01260A",541929.065,4136643.068,25.146,25.146,6.65012597416188,151.326666666667,579
"MLBS01263",541927.161,4136648.268,20.511,20.511,7.74524470859833,142.362068965517,569
"MLBS01264",541926.571,4136651.05,19.462,19.462,5.79088663341739,156.892938496583,555
"MLBS01267",541908.032,4136635.126,21.652,21.652,8.0621796193544,226.127232142857,624
"MLBS01268",541907.904,4136635.103,21.657,21.657,8.56670255548033,235.998571428571,654
"MLBS01269",541901.952,4136636.672,20.747,20.747,7.39845934445787,212.169811320755,580
"MLBS01271",541897.12,4136642.485,19.281,19.281,7.08789171597796,106.728971962617,492
"MLBS01273",541901.952,4136636.672,20.747,20.747,6.72122557837229,201.186177715092,609
"MLBS01274",541895.114,4136624.171,20.986,20.986,7.68409155888009,140.852760736196,535
"MLBS01277",541896.646,4136623.912,20.967,20.967,8.22391457739848,158.909255898367,581
"MLBS01281",541905.055,4136627.795,21.725,21.725,7.11590243695178,147.772173913043,581
"MLBS01282",541906.035,4136627.95,22.076,22.076,7.29450020735114,118.363110877562,535
"MLBS01287",541908.709,4136635.49,21.215,21.215,7.27114869303156,128.566638725901,548
"MLBS01290",542030.782,4136613.828,20.942,20.942,7.55477950837688,97.6226993865031,548
"MLBS01291",542032.865,4136603.243,20.704,20.704,7.73942928448797,145.266475644699,497
"MLBS01292",542032.862,4136597.347,21.099,21.099,7.3734862122026,140.760998810939,554
"MLBS01294",542033.242,4136608.66,19.453,19.453,7.703890918415,120.769230769231,512
"MLBS01297",542029.622,4136597.471,19.24,19.24,6.14429392700612,156.922535211268,587
"MLBS01298",542032.138,4136602.183,19.734,19.734,6.96017274365895,154.796711509716,521
"MLBS01300",542025.687,4136611.135,19.28,19.28,5.7171025907888,118.35033557047,541
"MLBS01301",542030.571,4136608.76,19.758,19.758,7.50019554439206,114.670731707317,537
"MLBS01303",542021.366,4136609.861,21.473,21.473,5.69767906394605,85.2749003984064,396
"MLBS01304",542017.282,4136611.039,21.866,21.866,7.12131380403037,95.2005420054201,495
"MLBS01306A",542020.993,4136599.974,179.968,179.968,7.98338418923344,122.039735099338,614
"MLBS01308",542018.278,4136612.604,22.351,22.351,8.49228261532079,91.2622309197652,420
"MLBS01311A",542014.047,4136603.839,20.761,20.761,7.76617177560829,118.209375,620
"MLBS01312",542030.652,4136613.752,20.61,20.61,8.00858115228455,116.933333333333,368
"MLBS01313",542023.305,4136612.764,21.201,21.201,8.07973561010711,129.482374768089,541
"MLBS01315",542027.866,4136617.15,18.971,18.971,6.06588315665964,141.856936416185,618
"MLBS01316",542021.887,4136622.512,20.013,20.013,6.78743275729698,133.494023904382,566
"MLBS01317A",542018.278,4136612.604,22.315,22.315,8.65313727495921,98.2380952380952,561
"MLBS01318",542018.708,4136617.06,22.147,22.147,7.57957745997609,103.872074882995,532
"MLBS01323",542013.402,4136623.719,21.649,21.649,6.51184152180906,118.713848508034,562
"MLBS01324",542020.413,4136623.464,19.753,19.753,5.70083252306356,118.112810707457,484
"MLBS01326",542021.546,4136633.994,20.354,20.354,6.00058426005753,120.646812957158,619
"MLBS01329",542032.522,4136629.851,17.558,17.558,5.95865216425654,139.058158319871,573
"MLBS01330",542105.756,4136904.998,19.235,19.235,7.00195071069101,129.628521126761,549
"MLBS01335",542130.818,4136759.593,27.962,27.962,7.95318729152685,89.3793677204659,502
"MLBS01344",542131.422,4136755.548,22.097,22.097,6.12060047631923,109.385269121813,502
"MLBS01345",542134.359,4136753.279,18.402,18.402,6.14702497426701,111.431703204047,618
"MLBS01350",542123.757,4136748.245,17.878,17.878,6.46072703562526,139.808888888889,564
"MLBS01351A",542131.75,4136744.104,18.814,18.814,6.92275135376239,163.711842105263,588
"MLBS01352",542130.313,4136741.048,18.456,18.456,7.3186848720652,118.308139534884,524
"MLBS01353",542134.283,4136740.897,19.038,19.038,6.7947000946946,126.186228482003,522
"MLBS01356",542137.136,4136740.624,19.309,19.309,6.46932286354222,108.827708703375,515
"MLBS01358",542137.541,4136740.672,19.227,19.227,7.27953993914328,141.895017793594,558
"MLBS01361",542137.539,4136747.239,18.835,18.835,7.30800115484562,175.798816568047,569
"MLBS01362",542137.923,4136747.808,18.659,18.659,6.61992490519034,191.840449438202,609
"MLBS01363",542143.448,4136757.039,21.301,21.301,7.3173976584258,187.784791965567,645
"MLBS01364",542132.73,4136759.85,27.085,27.085,7.35330996306291,158.739005736138,586
"MLBS01366",542147.654,4136759.285,23.062,23.062,9.07553202778053,140.7265917603,583
"MLBS01367",542147.654,4136759.285,23.062,23.062,8.52175053580894,146.459140690817,583
"MLBS01370",542123.939,4136753.192,18.551,18.551,6.85196396845909,120.094339622642,521
"MLBS01372",542123.211,4136753.503,18.593,18.593,7.06250933724497,126.382875605816,547
"MLBS01374",542123.113,4136754.018,18.446,18.446,7.30670953973908,158.194366197183,595
"MLBS01375",542122.777,4136758.847,18.759,18.759,6.97943859200887,146.904827586207,595
"MLBS01377",542120.075,4136756.546,18.675,18.675,6.65862904989253,163.758122743682,644
"MLBS01378",542118.447,4136754.118,19.978,19.978,6.611389646441,180.452205882353,644
"MLBS01382",542119.465,4136758.31,17.348,17.348,5.75085605867631,134.045592705167,543
"MLBS01383",542115.908,4136754.196,18.483,18.483,4.77475325762067,165.233576642336,606
"MLBS01389A",542109.673,4136758.105,16.576,16.576,4.87196008621508,117.604545454545,485
"MLBS01393",542108.879,4136754.368,14.454,14.454,3.95878409928884,99.8368794326241,458
"MLBS01395",542109.813,4136746.848,16.07,16.07,3.90996979699914,91.3045774647887,508
"MLBS01397A",542112.776,4136743.282,17.539,17.539,5.55002607807207,141.419254658385,625
"MLBS01398",542112.776,4136743.282,17.612,17.612,5.94879941825835,141.800729040097,652
"MLBS01399B",542116.137,4136752.251,18.104,18.104,6.2281491187458,111.822289156627,531
"MLBS01402",542118.236,4136746.204,17.823,17.823,6.94741100902033,133.44235924933,620
"MLBS01493",542122.078,4136250.221,18.558,18.558,6.43620057455454,109.832797427653,537
"MLBS01495",542113.258,4136248.767,17.398,17.398,5.75553734473005,176.107594936709,585
"MLBS01506",542127.591,4136245.203,20.244,20.244,6.55231385900043,91.370420624152,480
"MLBS01509",542132.754,4136250.632,19.178,19.178,6.64819747763458,145.259259259259,497
"MLBS01511",542131.29,4136256.12,19.493,19.493,6.56363907359041,149.473563218391,532
"MLBS01515",542128.138,4136250.719,20.186,20.186,7.5340568781076,102.121583411876,497
"MLBS01516",542132.774,4136264.587,20.173,20.173,6.70481713353223,109.85046728972,536
"MLBS01518",542132.755,4136262.195,19.346,19.346,7.15552171548232,163.384615384615,536
"MLBS01523",542132.774,4136264.587,20.173,20.173,7.10619495724559,115.554565701559,536
"MLBS01525",542130.658,4136256.521,19.293,19.293,6.81304174613106,139.272925764192,532
"MLBS01528",542122.338,4136258.128,19.002,19.002,7.35452454244728,137.434181818182,586
"MLBS01531",542122.427,4136254.803,18.621,18.621,7.19246118487527,105.453177257525,558
"MLBS01534A",542117.163,4136263.727,19.472,19.472,6.86175629006746,148.279926335175,543
"MLBS01536",542121.194,4136263.465,21.192,21.192,6.62017962071288,139.608404966571,520
"MLBS01538",542114.652,4136259.296,18.533,18.533,6.10142693084663,116.757925072046,524
"MLBS01541",541877.935,4135858.847,21.96,21.96,8.63186196922612,108.173522812266,555
"MLBS01544",541878.946,4135859.899,21.794,21.794,8.59439043093522,132.953658536585,614
"MLBS01545",541884.621,4135851.698,22.748,22.748,8.63800562789071,85.3917682926829,535
"MLBS01546",541889.164,4135852.621,24.154,24.154,7.21645277634323,107.18018018018,558
"MLBS01548",541889.164,4135852.621,24.154,24.154,7.97448334211072,100.13976945245,535
"MLBS01549",541887.461,4135853.868,23.177,23.177,8.4685023965866,121.005438477226,607
"MLBS01553",541895.297,4135866.586,22.089,22.089,8.58142400846706,103.052706552707,600
"MLBS01555",541887.356,4135856.666,22.501,22.501,8.85694532146017,126.065881092662,600
"MLBS01556A",541883.499,4135868.439,22.111,22.111,9.08197257245825,137.231143552311,562
"MLBS01557",541890.739,4135865.802,21.226,21.226,8.86117164059371,140.970976253298,607
"MLBS01563",541876.604,4135861.983,22.082,22.082,9.10598759831013,119.673758865248,539
"MLBS01566",541883.499,4135868.439,22.189,22.189,7.68772576336673,140.110576923077,563
"MLBS01568",541933.885,4135529.44,18.374,18.374,5.60103331658764,153.748337028825,589
"MLBS01569",541936.184,4135527.71,16.684,16.684,5.72911497257865,144.318681318681,589
"MLBS01572",541942.068,4135524.419,15.427,15.427,5.10434919706169,116.90625,542
"MLBS01575",541951.704,4135525.922,15.721,15.721,5.80506321913738,146.589648798521,724
"MLBS01577",541948.646,4135529.321,16.758,16.758,6.01215745645342,112.535353535354,636
"MLBS01578",541942.179,4135524.698,15.286,15.286,4.76646526291862,165.28869047619,613
"MLBS01584",541948.646,4135529.321,16.794,16.794,6.86165972920307,166.231506849315,610
"MLBS01589",541943.6,4135540.166,16.69,16.69,6.1247140776176,127.401006711409,588
"MLBS01591",541945.891,4135536.166,16.436,16.436,6.13417361464876,180.817669172932,649
"MLBS01596",541946.279,4135536.797,16.832,16.832,6.50741027694138,206.493077742279,649
"MLBS01605",541932.15,4135540.641,16.377,16.377,7.0866169171348,170.810810810811,574
"MLBS01614",541939.234,4135538.141,15.909,15.909,5.97556788925962,147.135278514589,583
"MLBS01618",541938.052,4135530.919,14.839,14.839,5.70101936331792,150.924418604651,645
"MLBS01622",541933.134,4135531.938,16.623,16.623,5.29670297463513,120.389632107023,579
"MLBS01626",541934.425,4135537.658,16.502,16.502,5.99805257729714,90.6743421052632,553
"MLBS01628",542057.752,4134984.051,12.139,12.139,3.57961765331079,206.163265306122,697
"MLBS01636",542056.679,4134991.777,123.273,123.273,5.30445865674244,193.58918128655,703
"MLBS01637",542063.155,4134988.665,13.786,13.786,4.77288980901513,180.954732510288,630
"MLBS01640",542063.273,4134987.758,14.081,14.081,4.6314658463999,255.433333333333,788
"MLBS01641",542062.613,4134984.822,14.257,14.257,5.09857156238702,252.556904400607,788
"MLBS01642",542060.441,4134985.584,13.479,13.479,4.10707072772556,264.068965517241,696
"MLBS01643",542074.199,4134983.491,13.01,13.01,3.93223185527626,143.651718983558,766
"MLBS01645",542063.547,4134984.968,13.52,13.52,4.1797712967868,222.966614906832,788
"MLBS01647",542067.122,4134989.674,12.727,12.727,4.74457381152946,234.577777777778,686
"MLBS01648",542064.247,4134987.88,13.83,13.83,5.09394655665766,232.830745341615,668
"MLBS01651",542071.564,4134989.668,12.393,12.393,4.18872286687098,162.505467800729,641
"MLBS01660",542072.934,4134994.597,12.452,12.452,3.9965246939615,187.453243470935,656
"MLBS01661",542068.759,4134990.158,12.674,12.674,4.36905035627528,191.614379084967,641
"MLBS01666A",542062.356,4134997.569,11.888,11.888,4.04457808187824,163.884615384615,679
"MLBS01671A",542059.437,4134996.507,12.392,12.392,4.38208008208614,153.765258215962,551
"MLBS01674",542060.809,4134996.661,12.322,12.322,4.08657797158743,178.446559297218,609
"MLBS01675",542061.147,4134991.663,12.546,12.546,5.15225241773764,221.412621359223,703
"MLBS01678",542057.705,4134991.925,12.813,12.813,4.96845864238142,196.557142857143,663
"MLBS01679",542055.152,4134994.618,12.346,12.346,4.43231160671284,135.16958041958,747
"MLBS01681",542071.843,4134998.944,11.722,11.722,3.68422638062154,163.503125,639
"MLBS01682",542359.969,4135258.021,17.808,17.808,5.98915345851038,182.8861003861,661
"MLBS01684",542360.467,4135254.749,17.26,17.26,5.1599384129311,96.3767123287671,595
"MLBS01685A",542359.969,4135258.021,17.852,17.852,6.17620184938024,145.215083798883,580
"MLBS01689",542366.777,4135258.784,18.12,18.12,5.92465540173745,140.691439322672,585
"MLBS01692",542361.771,4135252.785,14.127,14.127,5.08295130381018,120.274390243902,608
"MLBS01696",542369.152,4135257.315,18.112,18.112,5.85227987684999,163.91959157626,668
"MLBS01702",542369.524,4135258.575,17.62,17.62,7.25817252207789,90.5307692307692,562
"MLBS01704A",542372.862,4135267.055,17.838,17.838,6.4041349647505,195.043314500942,638
"MLBS01706",542371.687,4135265.811,17.681,17.681,6.56464959376321,207.370078740157,638
"MLBS01710",542366.592,4135267.387,17.869,17.869,6.74604278541346,106.719101123596,588
"MLBS01711",542366.665,4135269.189,17.714,17.714,5.87411612651457,118.516949152542,642
"MLBS01714",542364.621,4135262.81,18.443,18.443,5.7865874687428,122.615661566157,590
"MLBS01718",542360.866,4135269.608,17.195,17.195,6.9412752726765,230.206395348837,718
"MLBS01720",542363.741,4135264.701,17.832,17.832,6.40700197292995,125.254620123203,654
"MLBS01722",542355.194,4135264.892,18.521,18.521,7.3816570350308,113.863496932515,594
"MLBS01723",542355.194,4135264.892,18.521,18.521,7.02235937093683,112.699214365881,594
"MLBS01729",543177.307,4142607.563,25.843,25.843,5.69626287777235,101.071129707113,286
"MLBS01730",543177.307,4142607.563,25.843,25.843,7.07403321850636,95.9625730994152,314
"MLBS01731",543181.213,4142610.21,21.885,21.885,4.53458119633383,79.2267657992565,285
"MLBS01738",543191.876,4142609.703,28.759,28.759,7.09274167531531,82.6046511627907,323
"MLBS01740",543183.049,4142606.223,21.167,21.167,3.9212461796112,81.8728813559322,273
"MLBS01742",543192.79,4142608.401,28.972,28.972,7.91634906129739,77.8958904109589,270
"MLBS01757",543190.629,4142624.854,14.768,14.768,3.76266592061386,96.3468634686347,353
"MLBS01759",543189.969,4142618.434,27.722,27.722,7.94133174967731,80.8944723618091,342
"MLBS01765",543177.498,4142621.108,24.538,24.538,7.58890530598197,106.612612612613,313
"MLBS01769",543179.548,4142617.274,25.358,25.358,6.31405180973408,92.8844537815126,302
"MLBS01770",543182.612,4142617.145,26.683,26.683,8.09249128829757,88.6099290780142,323
"MLBS01776",544316.27,4142339.291,36.675,36.675,12.6872987238674,119.507666098807,420
"MLBS01777",544312.092,4142346.303,36.979,36.979,13.1041087935466,119.435331230284,446
"MLBS01778",544317.678,4142339.025,37.211,37.211,8.9155155409631,145.566265060241,447
"MLBS01781",544317.607,4142343.79,101.973,101.973,10.3537513739345,113.046296296296,447
"MLBS01785",544322.241,4142339.028,34.275,34.275,12.0243148027099,114.226277372263,415
"MLBS01789",544324.59,4142343.809,35.473,35.473,8.77700185209458,100.847590953786,428
"MLBS01793",544327.432,4142350.428,36.431,36.431,7.14157380072577,121.116972477064,396
"MLBS01798",544327.315,4142350.847,37.312,37.312,10.039119167956,84.8307591192902,434
"MLBS01802",544323.084,4142346.607,35.555,35.555,8.78988405658135,101.678571428571,350
"MLBS01805",544324.475,4142344.676,36.243,36.243,8.64708699118961,92.1895551257253,373
"MLBS01806",544311.142,4142353.923,36.213,36.213,9.290196464285,111.662915601023,463
"MLBS01808",544315.42,4142346.887,37.386,37.386,9.40866259060363,108.02269569245,463
"MLBS01809",544315.271,4142347.462,37.329,37.329,10.2329845427602,101.298006295908,421
"MLBS01819",537873.248,4142425.707,22.625,22.625,7.23190581508689,90.9090909090909,319
"MLBS01821",537878.135,4142428.049,24.682,24.682,6.74725558157462,91.8649350649351,368
"MLBS01822",537878.861,4142430.327,26.262,26.262,6.08367595191206,82.4313725490196,289
"MLBS01833",537889.732,4142427.111,192.867,192.867,10.9997614901284,82.4957264957265,302
"MLBS01835",537888.102,4142424.022,25.977,25.977,7.21305000559113,83.2311435523114,312
"MLBS01846",537892.386,4142441.419,25.686,25.686,6.65427438358503,83.486301369863,290
"MLBS01847",537887.055,4142436.544,26.398,26.398,7.31799402835606,81.2349468713105,324
"MLBS01848",537892.318,4142434.581,26.641,26.641,8.07192611190764,88.0387596899225,335
"MLBS01849",537885.496,4142433.175,25.02,25.02,6.42304013954311,77.9913793103448,290
"MLBS01850",537884.854,4142438.793,25.221,25.221,8.00051082407073,72.8095238095238,277
"MLBS01851",537881.28,4142438.198,26.291,26.291,7.51205229880211,79.281045751634,255
"MLBS01862",537879.525,4142442.483,26.564,26.564,8.31578979005791,86.9850374064838,313
"MLBS01864",537879.151,4142430.922,26.578,26.578,4.82701905774037,70.2745098039216,272
"MLBS01866",537877.474,4142434.198,27.025,27.025,6.26013261387475,67.7847826086957,331
"MLBS01867",537877.474,4142434.198,27.025,27.025,6.97992449408331,73.0987821380244,331
"MLBS01879",538563.864,4142300.828,20.845,20.845,8.62929645038039,87.4460431654676,302
"MLBS01880",538560.903,4142299.907,19.978,19.978,7.908314244175,100.160142348754,324
"MLBS01881",538561.517,4142306.303,22.385,22.385,8.5750057192741,60.3017689906348,376
"MLBS01883",538569.067,4142305.826,23.692,23.692,9.10185260063606,66.8675055514434,395
"MLBS01884",538569.418,4142301.228,22.541,22.541,7.82336188417763,65.6825657894737,349
"MLBS01886",538574.758,4142305.24,25.944,25.944,9.01616464531819,69.2576271186441,459
"MLBS01887",542056.679,4134991.777,123.273,123.273,6.20707952987048,167.630769230769,747
"MLBS01888",538572.484,4142311.447,21.671,21.671,8.20627725476591,81.7636138613861,382
"MLBS01889",538568.081,4142318.269,20.043,20.043,7.67342215588552,92.8676470588235,414
"MLBS01890",538565.011,4142318.257,22.323,22.323,8.27128385567355,56.2434869739479,313
"MLBS01891",538566.954,4142311.981,21.88,21.88,7.91507529647197,70.9044444444445,367
"MLBS01892",538561.978,4142311.916,21.425,21.425,8.24776270654834,78.3148148148148,344
"MLBS01898",539713.3,4142039.252,25.332,25.332,8.72550025653556,64.2212765957447,239
"MLBS01902",539697.559,4142036.15,25.261,25.261,7.33614054092208,74.2730769230769,260
"MLBS01905",539703.294,4142043.831,25.957,25.957,6.73445693959621,65.829563812601,260
"MLBS01907",539701.514,4142043.848,25.329,25.329,6.82420220246329,60.4754098360656,212
"MLBS01908",539700.04,4142052.264,24.588,24.588,6.48785887983144,65.5034246575343,213
"MLBS01912",539705.044,4142055.095,26.459,26.459,8.29043932621951,64.9704861111111,255
"MLBS01919",539705.265,4142047.579,25.532,25.532,5.73529315718426,74.7282608695652,239
"MLBS01923",539713.3,4142039.252,25.316,25.316,7.99487848139758,62.9617021276596,239
"MLBS01924",539713.738,4142041.467,24.976,24.976,7.08696322103328,58.8791821561338,209
"MLBS01926",539708.481,4142036.334,26.883,26.883,8.23952618465507,78.7939778129953,313
"MLBS01927",539716.403,4142052.18,26.87,26.87,7.00333181147544,81.3644859813084,273
"MLBS01928",539716.403,4142052.18,26.87,26.87,9.28582643066334,103.091900311526,335
"MLBS01932",539706.351,4142048.406,25.98,25.98,7.18378433746383,68.3259633607075,285
"MLBS01939",539716.739,4142049.261,25.696,25.696,9.93193807203345,97.6194029850746,278
"MLBS01943",542396.561,4134848.615,14.798,14.798,5.39583732055282,135.899049881235,599
"MLBS01944",542396.648,4134849.067,14.413,14.413,4.91434212956441,145.434325744308,630
"MLBS01953",542405.893,4134854.213,13.958,13.958,4.57811183434741,108.264047317279,638
"MLBS01954",542404.833,4134848.466,12.559,12.559,4.08899983205937,172.645556690501,639
"MLBS01955",542400.058,4134848.748,12.327,12.327,4.27565711028133,118.550218340611,502
"MLBS01959",542400.362,4134857.455,13.872,13.872,4.16685751412681,177.572695035461,624
"MLBS01961",542395.653,4134861.05,13.111,13.111,4.10799463872472,156.766169154229,507
"MLBS01963",542401.005,4134857.164,14.154,14.154,4.07253724445736,137.579473206176,562
"MLBS01965",542402.568,4134859.808,13.771,13.771,4.91077488754691,162.679452054795,625
"MLBS01967",542404.441,4134861.44,14.39,14.39,5.4253893064477,186.667506297229,640
"MLBS01971",542410.401,4134863.018,14.64,14.64,5.40718344494429,197.83044058745,620
"MLBS01974",542413.14,4134861.88,14.732,14.732,5.64129276016442,132.067204301075,605
"MLBS01975",544327.315,4142350.847,37.373,37.373,10.7220869642484,84.9485294117647,355
"MLBS01977A",542407.491,4134859.246,14.424,14.424,4.40841781962203,142.43358946213,630
"MLBS01982",542411.54,4134851.409,12.859,12.859,4.26245752870618,125.182495344507,576
"MLBS01983",542411.159,4134848.705,12.431,12.431,3.80379337066188,129.621212121212,640
"MLBS01987",542413.965,4134853.609,13.823,13.823,4.17446715305517,148.547619047619,522
"MLBS01992",542406.901,4134856.035,14.258,14.258,4.53309274267471,124.818937939859,630
"MLBS01996",542409.193,4134854.571,14.116,14.116,4.43654086794744,102.278546712803,459
"MLBS02000",542409.193,4134854.571,14.076,14.076,4.55744319672119,109.040628385699,647
"MLBS02001",542405.281,4134848.256,12.202,12.202,3.94747413691044,185.116710875332,639
"MLBS02006",542283.778,4134615.072,11.471,11.471,3.46680650926471,199.644501278772,636
"MLBS02009",542287.753,4134612.248,9.694,9.694,2.85899147274604,130.259052924791,681
"MLBS02011A",542280.255,4134616.239,10.793,10.793,3.32580093533781,157.085889570552,645
"MLBS02016",542283.122,4134618.506,12.554,12.554,4.08405697283825,206.701257861635,709
"MLBS02019A",542283.123,4134619.494,12.398,12.398,4.22848378940367,176.794344473008,648
"MLBS02020",542283.442,4134619.515,12.66,12.66,4.34074570615142,207.815315315315,709
"MLBS02028",542289.724,4134612.964,10.598,10.598,3.30898270251515,133.895238095238,672
"MLBS02030B",542290.09,4134613.019,10.466,10.466,3.52647618031676,148.831136220967,639
"MLBS02031",542292.079,4134620.215,10.884,10.884,3.78661852828595,137.604609929078,615
"MLBS02038",542296.343,4134609.818,10.373,10.373,3.06979369065192,144.028969957082,586
"MLBS02043",542295.921,4134610.689,10.324,10.324,2.90698453916287,169.106227106227,747
"MLBS02046",542292.454,4134604.95,7.797,7.797,2.56198612142884,152.057471264368,497
"MLBS02047A",542288.521,4134605.919,8.071,8.071,2.2185927814022,183.538709677419,712
"MLBS02073A",541969.436,4134783.024,8.983,8.983,2.97811388728402,133.492668621701,607
"MLBS02076",541970.422,4134779.917,8.721,8.721,2.8953849045271,172.542857142857,649
"MLBS02077",541967.287,4134781.212,8.69,8.69,3.11064083942912,247.571428571429,658
"MLBS02078",541968.231,4134777.912,9.205,9.205,2.92340513988287,270.763888888889,675
"MLBS02081",541968.889,4134777.34,9.506,9.506,2.95787882734359,234.783582089552,708
"MLBS02082",541971.09,4134778.091,8.683,8.683,2.7539361626806,167.432525951557,668
"MLBS02083A",541968.514,4134785.057,9.54,9.54,3.12985188228221,176.256874095514,810
"MLBS02084",541963.727,4134782.418,8.069,8.069,2.77986765452786,133.35625,530
"MLBS02085",541965.936,4134781.375,8.742,8.742,2.98388228348742,223.43085106383,658
"MLBS02087",541966.578,4134780.715,8.929,8.929,2.91315568816568,274.492063492063,657
"MLBS02093",541964.525,4134792.183,8.645,8.645,3.01215053019537,208.718631178707,680
"MLBS02096",541975.181,4134784.456,10.046,10.046,3.17841620178275,162.490167516387,676
"MLBS02100",541971.139,4134792.436,9.213,9.213,2.71265795087114,196.311793214863,696
"MLBS02107",541975.625,4134787.584,9.892,9.892,3.38619795659842,166.151020408163,616
"MLBS02108",541975.181,4134784.456,10.03,10.03,3.30901446557774,168.294573643411,616
"MLBS02109A",541978.958,4134785.308,9.827,9.827,3.80328299259257,183.623616236162,620
"MLBS02110A",541978.958,4134785.308,9.827,9.827,3.3472038951232,180.160049627792,648
"MLBS02112",541978.7,4134787.048,9.498,9.498,3.73897834956942,223.165680473373,625
"MLBS02113",541977.841,4134792.25,9.432,9.432,3.34839886398278,169.60325203252,662
"MLBS02114",541976.024,4134793.008,9.089,9.089,2.97361648498686,173.164383561644,666
"MLBS02128",541981.567,4134777.337,9.132,9.132,2.90110846857679,142.97668997669,620
"MLBS02135",541982.524,4134782.071,9.751,9.751,2.57506217160811,171.442352941176,677
"MLBS02144A",541979.174,4134778.735,9.77,9.77,3.08354618364298,200.646341463415,677
"MLBS02146",541976.677,4134774.306,9.278,9.278,2.82270489114005,126.437229437229,688
"MLBS02147",541976.244,4134776.328,8.689,8.689,2.90153749803253,183.664804469274,688
"MLBS02149",541974.058,4134781.139,9.556,9.556,2.93084583561302,111.889143730887,653
"MLBS02150",541972.876,4134783.238,8.757,8.757,3.00045004360141,122.642335766423,497
"MLBS02153",545184.002,4142278.414,26.1,26.1,6.39841336303177,144.807432432432,469
"MLBS02154",545187.616,4142276.261,24.394,24.394,7.50386101769873,158.298791018998,469
"MLBS02156",545185.289,4142278.621,25.636,25.636,5.42142532118996,158.176470588235,479
"MLBS02158",545193.277,4142273.168,25.335,25.335,6.94085889552871,133.182887700535,525
"MLBS02159",545190.162,4142278.323,24.339,24.339,8.01114863083496,153.731182795699,452
"MLBS02162",545190.496,4142280.523,24.967,24.967,6.42882334295562,150.129432624113,479
"MLBS02166",545191.797,4142288.779,24.831,24.831,5.21318413975265,180.595375722543,493
"MLBS02167",545186.78,4142284.139,24.874,24.874,6.14280194723212,136.830985915493,463
"MLBS02169",545185.593,4142284.841,25.459,25.459,6.42288107061893,153.550116550117,447
"MLBS02171",542114.98,4136253.173,18.289,18.289,6.87232759273812,162.482412060301,599
"MLBS02171L",545189.85,4142282.436,24.554,24.554,5.65687860178215,134.822410147992,479
"MLBS02174",545197.192,4142288.582,25.578,25.578,8.34540813793939,150.578330893119,479
"MLBS02178",545199.634,4142279.811,26.388,26.388,6.35445681004368,145.329187396352,497
"MLBS02181",545195.383,4142279.631,26.145,26.145,5.85225321351949,142.945652173913,452
"MLBS02183",545196.207,4142287.643,26.325,26.325,6.58119279724777,142.38672985782,493
"MLBS02187",545200.895,4142275.475,25.732,25.732,7.62193783994221,160.670180722892,480
"MLBS02191",545194.915,4142277.845,24.788,24.788,7.80785435990582,140.051948051948,433
"MLBS02199",545203.631,4142274.214,25.613,25.613,7.32736180696691,118.202586206897,415
"MLBS02200",538175.375,4142336.505,25.831,25.831,8.38829994700808,81.5702647657841,350
"MLBS02201",538175.061,4142336.225,25.599,25.599,7.34275955694774,77.8082191780822,231
"MLBS02203",538180.959,4142340.657,23.688,23.688,8.55653344267506,82.619576185671,396
"MLBS02205",538182.43,4142337.303,25.355,25.355,8.90310909779982,82.2728226652676,396
"MLBS02206",538189.343,4142337.242,24.468,24.468,7.86614701214631,67.7090395480226,355
"MLBS02208",538189.558,4142352.494,25.265,25.265,9.02632539747296,69.3057491289199,395
"MLBS02209",538189.479,4142347.03,26.657,26.657,9.89342004729362,63.9419488597097,374
"MLBS02210",538182.564,4142347.959,24.327,24.327,9.25193029318402,79.2823365785814,434
"MLBS02213",538182.669,4142347.79,24.34,24.34,9.2712301918332,69.0612623762376,396
"MLBS02217",538961.073,4142941.442,24.661,24.661,5.29552692925652,79.31,301
"MLBS02227",538956.112,4142936.68,22.394,22.394,7.37871081506278,68.9497907949791,255
"MLBS02230",538956.93,4142943.762,22.929,22.929,7.27413752580122,77.8793103448276,280
"MLBS02232",538956.527,4142935.127,24.23,24.23,7.78546639119224,77.577570093458,274
"MLBS02235",538955.218,4142944.175,23.281,23.281,5.69425694773896,74.1525423728814,232
"MLBS02241B",538956.092,4142946.158,25.114,25.114,7.97866315043996,86.8705701078582,324
"MLBS02242",538956.064,4142951.028,24.942,24.942,5.27601297609351,81.2818791946309,324
"MLBS02243",538957.613,4142953.054,23.642,23.642,5.71713760031858,91.6344086021505,273
"MLBS02245A",538956.04,4142952.314,24.852,24.852,7.0711381051351,93.115823817292,344
"MLBS02261",538961.32,4142941.98,24.385,24.385,4.81361724233571,78.6108786610879,301
"MLBS02265",538960.54,4142947.648,23.642,23.642,5.99162271510828,101.650429799427,319
"MLBS02270",538971.198,4142948.361,23.807,23.807,6.07392143365391,96.1350078492936,386
"MLBS02271",538969.6,4142945.727,22.332,22.332,6.12407983156952,87.9313725490196,301
"MLBS02281",538971.314,4142940.114,23.206,23.206,7.38857078455055,76.747572815534,247
"MLBS02297",538968.085,4142939.988,22.358,22.358,5.42251656502947,88.3966244725738,278
"MLBS02300",538961.682,4142939.774,21.936,21.936,5.13441765204292,92.9539473684211,301
"MLBS02346",539170.334,4141230.042,29.264,29.264,8.90612627998986,90.875,296
"MLBS02348",539167.033,4141234.197,33.333,33.333,11.7662517874944,94.828836797877,361
"MLBS02358",539165.75,4141241.886,30.443,30.443,8.0283506523596,67.5686956521739,280
"MLBS02359",539167.209,4141245.722,31.529,31.529,8.76707616036309,64.40273556231,329
"MLBS02366",539168.84,4141246.198,31.136,31.136,10.306671237942,89.96176078257,355
"MLBS02367",539179.393,4141239.668,30.572,30.572,8.28118823683251,81.2783882783883,296
"MLBS02376",539178.731,4141235.826,26.706,26.706,7.33498632494638,84.8542435424354,324
"MLBS02381",538203.229,4140956.378,32.223,32.223,8.46184357384191,74.223201174743,260
"MLBS02389",538206.487,4140953.11,32.209,32.209,10.110159325977,73.5148861646235,368
"MLBS02398",538203.318,4140964.94,31.848,31.848,10.4575883762928,75.7231903485255,400
"MLBS02402",538218.801,4140969.055,137.858,137.858,9.3193747766208,64.4455252918288,280
"MLBS02405",538218.801,4140969.055,137.869,137.869,8.78230129985876,72.483024691358,305
"MLBS02410",538210.667,4140972.203,30.632,30.632,8.90278380118247,69.615992970123,355
"MLBS02412",538217.308,4140962.922,32.309,32.309,9.4503113379056,72.1416938110749,280
"MLBS02415",538219.773,4140956.018,30.471,30.471,9.72532201019797,80.4713375796178,255
"MLBS02417",538219.763,4140963.503,32.564,32.564,9.28134019135486,75.3893020594966,290
"MLBS02419",538215.482,4140963.555,32.236,32.236,9.4066604093555,74.3060935285782,289
"MLBS02421",538206.524,4140958.337,31.137,31.137,8.04076823179293,76.6574550128535,381
"MLBS02423",538213.874,4140957.014,28.941,28.941,5.78471155312899,86.8116883116883,335
"MLBS02427",538218.593,4140955.293,30.705,30.705,9.85139074607447,83.3667820069204,290
"MLBS1330",542028.926,4136622.953,16.451,16.451,5.85661743764543,148.274253731343,618
"MLBS1331",542026.802,4136621.777,17.488,17.488,5.38557335106404,143.527027027027,553
"MLBSU0000",542529.873,4136757.411,15.164,15.164,5.37605535093711,105.524904214559,540
"MLBSU00011",541771.673,4136653.669,20.027,20.027,7.11413680559565,91.7931873479319,323
"MLBSU0005",542375.245,4136741.427,18.893,18.893,6.78762318387702,105.519282511211,535
"MLBSU0008",542089.899,4136897.936,17.353,17.353,5.37056805529683,60.6981132075472,175
"MLBSU0009",541971.14,4136912.494,16.363,16.363,6.38305977281749,156.495867768595,475
"MLBSU0012",541992.047,4136807.473,21.448,21.448,7.38584360717696,154.662999420961,624
"MLBSU0013",541978.51,4136787.532,22.808,22.808,8.91797451059379,114.881203007519,545
"MLBSU0014",541989.286,4136785.737,21.5,21.5,8.66792263816604,75.9070512820513,475
"MLBSU0015",542062.596,4136403.838,20.644,20.644,8.62926340295941,123.944162436548,554
"MLBSU0016",542049.748,4136402.802,23.21,23.21,8.02150713298051,90.553164556962,433
"MLBSU0017",542065.171,4136403.062,20.376,20.376,8.34966152207642,130.27358490566,593
"MLBSU0020",542500.743,4136644.439,16.574,16.574,4.61664370943714,101.825042881647,492
"MLBSU0021",541944.195,4136501.302,18.554,18.554,6.77370375054621,168.225903614458,553
"MLBSU0024",542074.694,4134979.528,13.268,13.268,4.23037781739363,124.482319660537,581
"MLBSU0028",544328.782,4142340.542,33.926,33.926,8.6815301730477,88.8365384615385,428
"MLBSU0031",542286.903,4134605.538,9.883,9.883,2.75380486516527,156.661577608142,569
"MLBSU0032",541965.873,4134785.293,9.088,9.088,2.90029728533977,196.485655737705,730
"MLBSU1100",541989.477,4136782.337,22.196,22.196,7.97441475281042,116.584302325581,579
"MLBSU2110A",541982.252,4134789.632,9.837,9.837,3.81897111534385,207.592592592593,648
"MSLB01975",542413.3,4134856.31,14.159,14.159,4.7077807556329,121.374277456647,596
"OSBE01087",404530.773,3288340.536,25.054,25.054,8.50967774213058,4.90594059405941,14
"OSBS00001",407431.296,3286351.103,15.336,15.336,4.56531224821306,9.25,15
"OSBS00002",407431.257,3286357.378,19.474,19.474,8.47286859649487,5.68085106382979,14
"OSBS00004",408348.683,3285371.402,9.317,9.317,3.4032596394139,6.86538461538461,15
"OSBS00006",408350.948,3285353.925,24.287,24.287,8.52472248900321,5.20408163265306,16
"OSBS00007",404905.791,3284462.196,16.208,16.208,6.66551835943762,6.26060606060606,16
"OSBS00008",404887.93,3284449.035,18.886,18.886,8.65771880862416,6.61734693877551,18
"OSBS00011",406969.764,3283961.715,13.249,13.249,5.46190874954954,7.58333333333333,17
"OSBS00014",403674.3,3284396.271,8.937,8.937,3.13424934432169,7.45454545454545,17
"OSBS00015",403467.392,3284788.204,11.967,11.967,5.10937940433434,4.84615384615385,13
"OSBS00020",403469.343,3284807.923,15.139,15.139,5.72289488632524,7.19662921348315,19
"OSBS00021",403492.376,3284791.723,9.298,9.298,3.81461682636494,7.14545454545455,18
"OSBS00022",403486.518,3284796.95,14.47,14.47,5.61611992379888,7.14828897338403,21
"OSBS00023",403606.024,3285044.038,8.463,8.463,3.4036695314541,10.1256038647343,22
"OSBS00024",404104.838,3284849.462,14.284,14.284,6.01332737047603,5.64516129032258,14
"OSBS00026",404280.58,3284857.224,14.761,14.761,6.80053112785485,4.12048192771084,10
"OSBS00027",404376.007,3284701.846,0,0,0,8.3,12
"OSBS00029",403500.323,3284581.87,11.012,11.012,4.30828307821954,6.83529411764706,16
"OSBS00040",404241.35,3284742.857,15.1,15.1,4.90420673607312,7.33333333333333,14
"OSBS00044",404042.855,3284953.456,12.587,12.587,5.08086849719537,8.88524590163934,20
"OSBS00050",404241.392,3284721.568,15.851,15.851,7.13450043522511,4.54545454545455,9
"OSBS00085",403612.278,3285059.318,8.56,8.56,3.56354593251319,9.53333333333333,22
"OSBS00086",403621.761,3285060.939,15.535,15.535,6.4931201396525,8.40131578947368,21
"OSBS00093",404003.865,3284949.464,18.956,18.956,8.53576995513647,6.87292817679558,21
"OSBS00094",404009.961,3284947.646,20.868,20.868,8.78607234704578,6.12313432835821,23
"OSBS00095",404007.929,3284960.352,20.982,20.982,9.01067165953356,6.72727272727273,22
"OSBS00098",404015.766,3284956.907,19.731,19.731,8.47137967312935,5.95881006864989,21
"OSBS00099",404018.958,3284954.225,18.514,18.514,8.48540654528158,7.77659574468085,20
"OSBS00100",404018.1,3284950.144,18.576,18.576,7.16835578857982,6.03152585119798,22
"OSBS00111",404033.562,3284941.466,14.226,14.226,6.1017224366405,7.85106382978723,19
"OSBS00114",404033.562,3284941.466,14.317,14.317,5.29238330015541,6.28599221789883,21
"OSBS00115",404042.882,3284941.369,14.401,14.401,5.83960878567437,4.3728813559322,16
"OSBS00116",404042.529,3284945.407,15.287,15.287,6.50769284927167,5.98611111111111,18
"OSBS00119",404032.273,3284942.896,8.36,8.36,4.26952508167793,9.61538461538461,18
"OSBS00120",404032.586,3284948.963,15.003,15.003,5.77442636135589,8.82238010657194,20
"OSBS00121",404032.861,3284957.83,6.198,6.198,2.63119980863693,8.33333333333333,21
"OSBS00122",404038.294,3284958.722,15.916,15.916,6.43149125088382,7.41076487252125,21
"OSBS00123",404042.883,3284959.091,15.359,15.359,6.79433501357995,6.22935779816514,20
"OSBS00157",408346.09,3285360.735,21.478,21.478,8.25234725902502,5.84134615384615,22
"OSBS00190",408334.393,3285357.81,11.033,11.033,3.46163513328252,6.28169014084507,17
"OSBS00191",408339.073,3285358.769,8.45,8.45,3.00025808998051,7.94642857142857,15
"OSBS00249",403612.24,3285045.348,7.853,7.853,3.09752482068567,9.140625,21
"OSBS00250",403610.674,3285050.465,8.068,8.068,3.34848124432965,9.375,21
"OSBS00251",403614.867,3285049.513,8.601,8.601,3.74301679920501,8.9618320610687,20
"OSBS00252",403618.341,3285052.134,6.38,6.38,1.47754248425704,13.4042553191489,22
"OSBS00253",403616.801,3285047.174,8.433,8.433,2.92948588958791,10.8913043478261,19
"OSBS00583",403670.513,3284380.103,7.678,7.678,3.43349767332487,10.1818181818182,22
"OSBS00585",403675.221,3284381.282,8.244,8.244,3.59956880083546,6.63636363636364,15
"OSBS00643",403606.816,3285181.682,18.299,18.299,7.47940159407942,8.53658536585366,21
"OSBS00655",403610.288,3285185.789,17.907,17.907,7.3974019508678,8.02666666666667,23
"OSBS00656",403608.159,3285184.323,17.419,17.419,5.84448348596165,7.12021857923497,21
"OSBS00657",403612.614,3285190.244,17.416,17.416,6.54114758713591,8.13218390804598,23
"OSBS00661",403615.573,3285194.933,18.224,18.224,7.96808063503276,5.96629213483146,20
"OSBS00662",403615.996,3285194.523,17.93,17.93,7.82046520653471,5.54545454545455,15
"OSBS00664",403615.791,3285195.755,18.034,18.034,7.59681225575628,7.575,20
"OSBS00666",403619.049,3285191.723,19.092,19.092,8.21747748420182,5.14678899082569,18
"OSBS00669",403616.088,3285190.711,18.54,18.54,7.80874871681418,7.01111111111111,18
"OSBS00671",403615.787,3285189.822,17.872,17.872,7.50277582883088,6.55357142857143,19
"OSBS00673",403613.939,3285183.344,17.951,17.951,7.13331914701977,6.37096774193548,22
"OSBS00674",403621.274,3285182.386,15.595,15.595,5.40671057852458,9.02777777777778,21
"OSBS00676",403616.495,3285179.385,16.108,16.108,6.61401953892952,6.68253968253968,18
"OSBS00677",403615.279,3285179.155,18.018,18.018,7.66675932614363,5.34285714285714,16
"OSBS00678",403611.296,3285180.76,17.689,17.689,7.93297858159664,5.77272727272727,16
"OSBS00683",403603.705,3285195.655,14.567,14.567,6.5361146706974,7.98275862068965,18
"OSBS00695",403612.618,3285193.872,14.559,14.559,5.59804755330049,7.44897959183673,19
"OSBS00697",403619.833,3285192.877,17.658,17.658,7.5197139686534,5.42079207920792,20
"OSBS00771",402555.515,3284314.176,18.692,18.692,7.33632279183227,6.68292682926829,19
"OSBS00774",402561.346,3284313.016,13.205,13.205,5.97121488894848,6.96,14
"OSBS00778",402562.808,3284317.761,15.757,15.757,6.67971714094692,8.59016393442623,21
"OSBS00781",402558.786,3284318.292,12.879,12.879,5.59230365626041,7.82352941176471,17
"OSBS00782",402559.462,3284322.434,14.434,14.434,5.76177110352905,8.09677419354839,16
"OSBS00784",402555.301,3284321.351,6.624,6.624,2.96234285659172,8.8,17
"OSBS00785",402550.092,3284319.295,17.522,17.522,7.25497736773972,7.51666666666667,22
"OSBS00786",402546.561,3284317.052,16.184,16.184,7.22971442123676,7.5,22
"OSBS00788",402547.869,3284313.738,10.963,10.963,4.48228524325415,8.45454545454546,19
"OSBS00789",402543.758,3284310.252,17.676,17.676,7.55549680620678,7.91216216216216,21
"OSBS00791",402560.914,3284306.933,9.976,9.976,4.2086463014738,9.09090909090909,17
"OSBS00801",403602.303,3285168.064,18.898,18.898,7.55230338244397,5.91129032258065,18
"OSBS00802",403597.181,3285169.328,18.112,18.112,7.82589171718875,5.85555555555556,19
"OSBS00803",403596.399,3285165.59,17.995,17.995,7.35737932548785,8.70292887029289,23
"OSBS00805",403601.086,3285175.116,16.31,16.31,7.45388798832747,6.875,15
"OSBS00806",403601.086,3285175.116,16.273,16.273,7.15825559929082,6.78358208955224,21
"OSBS00807",403597.822,3285173.723,15.882,15.882,7.40421010302428,6.45901639344262,19
"OSBS00808",403597.355,3285170.16,16.97,16.97,7.42037626861905,7.44186046511628,18
"OSBS00809",403596.467,3285169.178,18.545,18.545,7.7271768907708,7.02150537634409,22
"OSBS00810",403596.13,3285173.767,16.664,16.664,7.2038949686892,6.13709677419355,21
"OSBS00811",403603.246,3285179.813,14.36,14.36,7.27779757206808,9.5,20
"OSBS00812",403595.28,3285177.447,15.503,15.503,6.97633162348981,7.71666666666667,20
"OSBS00814",403592.233,3285169.486,19.175,19.175,7.9189113245034,6.26515151515152,19
"OSBS00815",403595.557,3285161.663,11.676,11.676,4.69754810037141,8.21212121212121,18
"OSBS00816",403595.298,3285160.426,14.727,14.727,6.33761919406804,6.43478260869565,18
"OSBS00817",403589.989,3285159.586,16.106,16.106,6.79258675597605,7.06134969325153,21
"OSBS00820",403584.212,3285168.877,14.854,14.854,5.89536055134061,6.96969696969697,18
"OSBS00821",403586.34,3285174.355,21.112,21.112,8.93217289343274,6.62888482632541,22
"OSBS00822",403589.131,3285175.671,15.567,15.567,5.90504251322579,4.47826086956522,11
"OSBS00823",403593.289,3285174.825,15.985,15.985,7.0420643282548,5.40983606557377,17
"OSBS00824",403592.148,3285178.147,14.461,14.461,4.94327903222913,11.1904761904762,20
"OSBS00825",403585.416,3285159.58,14.129,14.129,5.14402276112956,9.36363636363636,21
"OSBS00848",404889.114,3284457.752,19.256,19.256,9.08704214493354,7.2093023255814,19
"OSBS00849",404891.366,3284461.799,18.772,18.772,8.72201133434404,7.10364145658263,19
"OSBS00864",404897.643,3284458.361,20.18,20.18,8.18827521817897,5.77147239263804,20
"OSBS00865",404897.643,3284458.361,20.18,20.18,8.25423612671648,6.63351498637602,21
"OSBS00866",404904.348,3284458.127,14.433,14.433,7.14589590701214,5.31818181818182,16
"OSBS00881",404890.99,3284475.304,19.928,19.928,8.35413826161371,6.22752293577982,19
"OSBS00898",404896.482,3284472.023,18.484,18.484,8.37763029172667,5.01030927835052,20
"OSBS00910",404902.346,3284473.596,21.388,21.388,8.182963281903,5.07648183556405,20
"OSBS00941",401553.213,3285839.278,23.585,23.585,6.5368478244519,7.87796610169492,24
"OSBS00945",401555.063,3285839.027,24.086,24.086,8.29684824854737,7.70909090909091,19
"OSBS00953",401562.915,3285840.996,17.336,17.336,5.09694693463546,6.6078431372549,21
"OSBS00991",404540.387,3288332.439,15.281,15.281,6.61074650815791,5.26829268292683,16
"OSBS00994",404540.612,3288335.692,18.105,18.105,7.17333980162262,4.56716417910448,13
"OSBS01002",402560.987,3284310.268,6.747,6.747,3.01735012883822,9.6,14
"OSBS01003",402553.383,3284311.934,14.811,14.811,5.76699056050901,7.125,14
"OSBS01006",407449.996,3286350.523,0.217,0.217,0.0462645554491675,4.45454545454545,9
"OSBS01007",407450.98,3286345.584,14.285,14.285,6.10395940191715,5.57831325301205,14
"OSBS01010",407439.032,3286345.197,15.054,15.054,6.12297781565559,5.42857142857143,12
"OSBS01011",407435.595,3286346.707,16.953,16.953,6.85239334656409,6.02105263157895,13
"OSBS01013",407435.851,3286347.717,16.782,16.782,7.86910944389516,5.46153846153846,13
"OSBS01015",407434.342,3286346.369,16.89,16.89,6.94504250668114,4.76470588235294,13
"OSBS01021",407435.86,3286359.848,12.279,12.279,3.62426248593266,8.36,16
"OSBS01022",407432.503,3286363.692,18.424,18.424,8.36483457932515,6.63157894736842,14
"OSBS01023",407448.792,3286357.448,22.796,22.796,8.75433173160974,5.54486765655261,17
"OSBS01024",407449.046,3286358.223,23.166,23.166,9.09210877565378,4.88696808510638,14
"OSBS01025",407449.046,3286358.223,23.166,23.166,9.56611960314121,4.49029982363316,14
"OSBS01036",401558.842,3285854.291,30.816,30.816,8.91658782404357,5.72754491017964,19
"OSBS01037",401558.62,3285853.738,30.781,30.781,8.7113420416638,7.06214689265537,20
"OSBS01038",401558.905,3285844.539,6.614,6.614,1.77018554225605,8.02469135802469,14
"OSBS01120",404688.827,3288442.821,10.759,10.759,1.72621409507316,5.40040444893832,20
"OSBS01121",404687.182,3288448.517,9.723,9.723,1.6556564604614,3.2311320754717,15
"OSBS01202",404530.21,3288338.696,23.245,23.245,8.29082519512183,5.06637168141593,14
"OSBS01268",406965.766,3283961.051,13.513,13.513,5.9864840815867,7.33333333333333,16
"OSBS01298",406971.687,3283960.288,13.829,13.829,6.01064424625784,8.08695652173913,18
"OSBS01305",406964.114,3283960.187,16.812,16.812,7.45275595750116,6.21590909090909,20
"OSBS01308",406966.563,3283957.695,15.898,15.898,6.91008685145345,8.18867924528302,20
"OSBS01331",407199.092,3284154.802,19.435,19.435,7.29929827411599,5.84684684684685,23
"OSBS01340",407207.211,3284162.035,18.656,18.656,7.88277314933796,6.49350649350649,16
"OSBS01342",407205.525,3284161.676,16.826,16.826,6.95701262652442,6.98780487804878,22
"OSBS01343",407206.822,3284161.452,17.526,17.526,8.29655686743275,7,15
"OSBS01345",407206.567,3284157.147,17.138,17.138,6.70844612792041,7.26162790697674,23
"OSBS01352",407212.914,3284158.196,13.994,13.994,3.27258614073561,6.6,22
"OSBS01358",407208.647,3284161.779,17.024,17.024,7.45757786962681,6.140625,19
"OSBS01363",407209.123,3284162.296,17.055,17.055,7.19142776325924,7.01904761904762,18
"OSBS01364",407209.414,3284167.015,14.274,14.274,6.82909080275483,6,19
"OSBS01365",407206.718,3284168.113,14.807,14.807,6.99216671711995,7.08571428571429,20
"OSBS01369",407211.703,3284168.548,14.99,14.99,6.50535218451195,6.76923076923077,16
"OSBS01371",407212.816,3284171.228,14.012,14.012,6.22258066455502,5.12121212121212,17
"OSBS01373",407207.654,3284172.708,15.115,15.115,7.17011554467406,9.47368421052632,20
"OSBS01507",407200.142,3284165.943,17.22,17.22,7.42667130783549,7.06666666666667,23
"OSBS01508",407200.142,3284165.943,17.316,17.316,7.67150785556868,7.54347826086957,19
"OSBS01512",408433.116,3283612.603,18.95,18.95,7.79105848321166,5.09433962264151,17
"OSBS01515",408426.514,3283619.663,21.341,21.341,8.64517314142183,4.54838709677419,18
"OSBS01519",408425.617,3283618.9,19.84,19.84,6.2922205024975,4.41176470588235,11
"OSBS01524",408426.988,3283613.346,17.728,17.728,6.56354095905807,5.3013698630137,19
"OSBS01531",408440.437,3283611.427,23.659,23.659,10.242755049607,5.02164502164502,18
"OSBS01536",408440.208,3283617.651,22.453,22.453,8.53671764789837,5.22413793103448,17
"OSBS01543",408438.611,3283629.956,18.658,18.658,8.00589782996709,6.42647058823529,17
"OSBS01551",408424.835,3283625.31,19.508,19.508,5.80700665079904,7.27272727272727,22
"OSBS01554",408428.928,3283627.73,22.697,22.697,9.59189577674073,6.72513089005236,21
"OSBS01556",406872.062,3284852.465,14.366,14.366,6.78810022985864,7.34177215189873,18
"OSBS01558",406872.79,3284844.449,16.681,16.681,6.99190625627827,7.18627450980392,18
"OSBS01566",406863.386,3284849.388,19.72,19.72,8.12986150217518,5.93759286775632,20
"OSBS01568",406869.641,3284854.764,14.353,14.353,6.62294652130292,7.84615384615385,19
"OSBS01570",406870.301,3284848.451,14.073,14.073,6.40107776677614,8.95,17
"OSBS01571",406873.518,3284855.608,14.326,14.326,6.38335846252601,7.10227272727273,17
"OSBS01574",406873.412,3284851.017,15.41,15.41,6.74681086880808,6.69934640522876,19
"OSBS01587",406879.622,3284851.223,10.019,10.019,4.7305913814429,8.83333333333333,17
"OSBS01589",406880.298,3284853.377,12.412,12.412,5.76541882395197,9.29166666666667,15
"OSBS01593",406880.801,3284854.499,13.667,13.667,6.31820218404425,7.46153846153846,16
"OSBS01611",404005.655,3285239.852,4.182,4.182,2.25091821264123,8,14
"OSBS01840",408341.753,3285365.452,20.713,20.713,7.77230360051675,5.26239067055394,15
"OSBS01853",408348.577,3285364.283,10.632,10.632,3.54726140826057,5.71428571428571,14
"OSBS01855",408349.34,3285361.477,17.043,17.043,5.2647599116458,5.2972972972973,19
"OSBS01906",406875.986,3284852.773,13.19,13.19,6.15724366749122,6.40229885057471,16
"OSBS01909",406870.956,3284858.545,14.289,14.289,6.05068594062583,6.1551724137931,18
"OSBS01910",406873.282,3284856.571,14.606,14.606,5.74821463882154,6.65,20
"OSBS01911",406879.642,3284849.804,11.874,11.874,3.75488849368393,10.2,16
"OSBS01912",406876.413,3284848.131,13.14,13.14,5.89837204961789,7.3695652173913,19
"OSBS01915",406868.328,3284856.705,13.625,13.625,5.85861804992457,7.29411764705882,20
"OSBS01921",406863.552,3284861.863,12.278,12.278,5.26626343670968,8.10144927536232,21
"OSBS01925",406861.534,3284859.232,11.451,11.451,4.93067739819569,8.18018018018018,19
"OSBS02055",404220.194,3285118.816,9.158,9.158,3.67049225527195,5.66666666666667,18
"OSBS02056",404223.81,3285114.291,10.137,10.137,3.90822588099026,7.3,18
"OSBS02059",404228.812,3285114.687,6.614,6.614,3.12834021411324,9.2,20
"OSBS02060",404232.376,3285113.155,11.048,11.048,4.36257083953166,7.24489795918367,20
"OSBS02069",404227.825,3285103.555,8.479,8.479,3.52828951735833,11.3888888888889,23
"OSBS02136",404224.742,3285120.002,12.035,12.035,4.85585485629813,7.8,20
"OSBS02140",404219.888,3285122.314,9.765,9.765,4.14111698386298,6.35384615384615,21
"OSBS02141",404213.663,3285120.073,11.215,11.215,4.86122794874604,5.97297297297297,18
"OSBS02142",404213.161,3285115.453,5.51,5.51,3.00268033596652,6.6,11
"OSBS02143",404221.253,3285114.161,13.473,13.473,5.74717509557836,6.20588235294118,21
"OSBS02146",404219.944,3285111.333,13.496,13.496,5.57322753540421,6.48076923076923,20
"OSBS02147",404213.742,3285114.94,5.73,5.73,2.84111089628687,6.75,9
"OSBS02148",404213.738,3285105.026,9.141,9.141,3.84199999892157,7.11578947368421,20
"OSBS02149",404221.686,3285113.807,13.292,13.292,4.79187812546258,5.71153846153846,20
"OSBS02150",404221.131,3285110.62,11.832,11.832,4.55595080423325,5.45578231292517,20
"OSBS02151",404222.792,3285104.785,7.767,7.767,2.88617370282129,5.77272727272727,18
"OSBS02152",404231.192,3285104.187,8.846,8.846,3.78868950431525,7.73134328358209,22
"OSBS02178",404232.877,3285106.687,8.348,8.348,3.59947674371865,7.57142857142857,22
"OSBS02189",404020.291,3285243.964,18.525,18.525,7.32391166615747,7.44174757281553,24
"OSBS02220",404021.066,3285242.295,17.122,17.122,6.30360709369442,7.87417218543046,22
"OSBS02221",404019.875,3285228.17,16.153,16.153,5.87132408019915,9.57037037037037,20
"OSBS02223",404022.286,3285227.733,12.356,12.356,5.41396929924741,7.45454545454545,20
"OSBS02229",404008.424,3285229.646,18.939,18.939,7.82731622739388,5.77234401349073,21
"OSBS02230",404007.821,3285234.607,11.47,11.47,4.38212614751048,8.45833333333333,20
"OSBS02306",404366.785,3284700.867,15.646,15.646,6.72297488740664,5.23636363636364,11
"OSBS02307",404367.15,3284698.668,17.03,17.03,7.65211163543319,4.5,12
"OSBS02308",404367.293,3284699.533,16.798,16.798,7.66317132695119,4.86666666666667,12
"OSBS02309",404374.756,3284697.722,15.799,15.799,2.94072068595845,6.2093023255814,11
"OSBS02310",404373.649,3284697.671,16.838,16.838,5.75121919438381,4.02857142857143,8
"OSBS02312",404380.232,3284699.362,11.566,11.566,2.41846678195889,7.06578947368421,13
"OSBS02529",403661.899,3284381.251,10.717,10.717,4.92233980782637,6.21212121212121,15
"OSBS02536",403676.399,3284392.874,8.739,8.739,2.42542969961567,12.5833333333333,21
"OSBS02550",403672.14,3284395.447,9.578,9.578,3.69439195735457,5.65789473684211,17
"OSBS02701",404152.109,3285224.726,13.691,13.691,3.98811293417086,9.40740740740741,18
"OSBS02702",404153.375,3285225.006,11.967,11.967,3.04149880737173,5.55882352941176,19
"OSBS02703",404151.667,3285229.906,9.862,9.862,4.20373086786599,6.94512195121951,16
"OSBS02704",404144.288,3285221.112,14.092,14.092,5.66951790416344,7.30357142857143,20
"OSBS02707",404130.39,3285210.986,11.197,11.197,4.58483571343151,7.54368932038835,20
"OSBS02708",404122.999,3285204.444,14.204,14.204,6.00316353919283,8.06741573033708,21
"OSBS02709",404127.621,3285203.446,13.613,13.613,6.07409094292683,5.66666666666667,17
"OSBS02710",404126.991,3285199.66,15.558,15.558,6.75548743447006,7.10729613733906,19
"OSBS02711",404125.427,3285200.041,14.198,14.198,5.94160248455442,6.48333333333333,16
"OSBS02712",404126.484,3285196.807,13.858,13.858,5.82250280374376,7.68316831683168,17
"OSBS02713",404137.372,3285202.817,13.529,13.529,4.92407096583879,7.355,23
"OSBS02714",404143.307,3285211.922,6.966,6.966,3.19838386746125,7.36363636363636,18
"OSBS02718",404138.572,3285194.937,11.684,11.684,5.44512804592869,6.64516129032258,16
"OSBS02722",404154.33,3285217.598,14.819,14.819,5.27336274199276,9.25498007968127,20
"OSBS02723",404161.44,3285224.995,13.328,13.328,5.50594186891617,7.02380952380952,19
"OSBS02726",404130.109,3285206.294,13.051,13.051,5.39385138727575,7.30578512396694,18
"OSBS02959",404398.13,3284706.814,23.221,23.221,10.3842516494049,4.41004184100418,10
"OSBS02960",404397.828,3284710.231,23.26,23.26,10.1548897060153,4.89007092198582,11
"OSBS02961",404401.434,3284711.463,22.469,22.469,10.2228533783366,3.53703703703704,8
"OSBS02962",404394.482,3284719.113,19.534,19.534,8.29476846155796,3.9223602484472,11
"OSBS02963",404392.256,3284719.217,20.289,20.289,8.51083432349045,3.56782334384858,11
"OSBS02964",404390.528,3284721.225,19.939,19.939,8.43669527533934,2.92592592592593,12
"OSBS02965",404401.189,3284715.108,13.979,13.979,3.95597614638732,3.33103448275862,12
"OSBS02968",404387.174,3284706.444,9.305,9.305,2.13471340366558,6.47368421052632,10
"OSBS02969",404393.271,3284702.519,20.04,20.04,5.40681971601962,4.61538461538461,9
"OSBS02970",404385.363,3284706.374,0,0,0,5.14285714285714,9
"OSBS02980",404379.5,3284684.699,0,0,0,8.13513513513514,12
"OSBS02981",404364.804,3284685.364,17.197,17.197,5.72803253453284,7.56198347107438,17
"OSBS02982",404370.177,3284690.223,14.309,14.309,5.37372616684745,7.36708860759494,15
"OSBS02984",404380.147,3284694.051,11.881,11.881,3.27852864056177,5.91176470588235,14
"OSBS02993",404382.434,3284695.768,12.616,12.616,5.0094359774703,4.61881188118812,11
"OSBS02995",404367.979,3284692.728,16.984,16.984,7.13066397665874,5.87878787878788,11
"OSBS02996",404368.675,3284692.903,17.119,17.119,6.81022755533235,5.58549222797927,11
"OSBS02997",404370.741,3284696.813,16.679,16.679,6.83640584336472,4.42622950819672,11
"OSBS02998",404368.56,3284697.356,16.247,16.247,7.33589470736929,3.83333333333333,8
"OSBS02999",404366.419,3284695.78,16.706,16.706,7.33617826937159,4.97183098591549,13
"OSBS03001",403498.351,3284918.137,18.113,18.113,6.65576835787762,7.53535353535354,18
"OSBS03002",403494.806,3284918.342,13.642,13.642,6.15204307158674,7.82857142857143,23
"OSBS03003",403490.576,3284919.141,13.424,13.424,5.96860767330942,6.09848484848485,17
"OSBS03005",403483.092,3284923.539,13.36,13.36,5.5079040808272,7.195,21
"OSBS03008",403482.238,3284930.934,13.994,13.994,5.37934051320532,9.1063829787234,22
"OSBS03009",403488.6,3284924.507,12.769,12.769,4.92706502202754,7.35903083700441,22
"OSBS03010",403488.809,3284922.509,16.254,16.254,6.93713714897214,5.97247706422018,17
"OSBS03012",403491.931,3284923.802,15.261,15.261,6.85972044043364,7.3125,20
"OSBS03013",403492.767,3284925.028,14.904,14.904,6.25298093961238,8.3943661971831,21
"OSBS03015",403497.587,3284926.608,11.467,11.467,4.83691979421327,6.39130434782609,18
"OSBS03016",403493.2,3284929.331,13.263,13.263,5.52360195955258,9.05384615384615,22
"OSBS03017",403490.266,3284933.356,14.167,14.167,5.63368047450623,7.3515625,22
"OSBS03019",403487.054,3284935.669,12.967,12.967,5.55234717267102,5.86315789473684,20
"OSBS03020",403486.398,3284935.677,13.597,13.597,5.7266250450293,5.97402597402597,21
"OSBS03021",403485.607,3284936.656,13.5,13.5,5.57318437448961,6.94736842105263,21
"OSBS03025",403499.029,3284933.816,13.464,13.464,5.39660870577794,8.30578512396694,23
"OSBS03060",403495.504,3284951.051,8.287,8.287,2.8736802028129,11.0071942446043,24
"OSBS03061",403499.81,3284953.212,10.793,10.793,3.59727619578655,10.0905349794239,23
"OSBS03062",403491.593,3284952.877,10.453,10.453,4.00188411071183,8.58024691358025,21
"OSBS03063",403482.733,3284953.11,11.212,11.212,4.22780820535814,8.69767441860465,19
"OSBS03064",403483.629,3284949.795,13.714,13.714,5.87801838904763,6.38260869565217,22
"OSBS03065",403482.709,3284945.55,11.2,11.2,4.30094571317379,8.56521739130435,17
"OSBS03066",403483.057,3284946.772,13.291,13.291,5.34363345709135,6.08730158730159,18
"OSBS03067",403485.809,3284946.657,11.888,11.888,5.30199012070381,7.21348314606742,18
"OSBS03068",403483.385,3284940.86,13.307,13.307,5.74320631068059,8.83333333333333,21
"OSBS03069",403487.61,3284949.678,12.526,12.526,5.17096119657274,7.72727272727273,23
"OSBS03070",403487.676,3284947.634,11.19,11.19,4.20848705353812,8.02222222222222,18
"OSBS03071",403494.612,3284946.896,14.452,14.452,5.59339463888282,9.39784946236559,23
"OSBS03072",403488.02,3284939.827,5.891,5.891,1.38442311432492,10.6111111111111,20
"OSBS03073",403490.732,3284936.407,13.059,13.059,5.74373514506603,8.16326530612245,18
"OSBS03074",403501.557,3284937.238,11.633,11.633,5.68571714961576,9.45833333333333,21
"OSBS03075",403499.95,3284941.139,10.92,10.92,4.72827255072871,8.13793103448276,18
"OSBS03076",403498.646,3284939.256,15.096,15.096,6.07538362547566,7.85276073619632,20
"OSBS03077",403492.862,3284940.136,12.721,12.721,5.74260218631744,5.13636363636364,15
"OSBS03078",403490.661,3284940.278,14.371,14.371,6.49098475279076,8.5546875,21
"OSBS03081",403491.723,3284942.44,15.174,15.174,6.78253711304441,7.07272727272727,19
"OSBS03082",403492.471,3284943.188,14.557,14.557,5.86081842193092,5.99397590361446,17
"OSBS03094",403493.2,3284929.331,13.237,13.237,5.2074809781795,8.29896907216495,23
"OSBS03095",403496.102,3284928.477,10.477,10.477,4.19749873224657,8.10769230769231,20
"OSBS03098",403499.259,3284927.834,9.359,9.359,3.70494899074897,8.68085106382979,18
"OSBS03131",403467.289,3284788.667,11.678,11.678,4.73949059998735,7.9,22
"OSBS03138",403480.597,3284793.978,13.991,13.991,5.70821530187323,6.97222222222222,19
"OSBS03139",403482.261,3284795.789,12.391,12.391,5.84397504039222,5.5,15
"OSBS03140",403480.213,3284794.979,14.238,14.238,6.409990028542,5.34782608695652,19
"OSBS03142",403479.291,3284794.021,15.166,15.166,6.93778324179708,7.26470588235294,18
"OSBS03143",403475.591,3284791.616,14.683,14.683,6.2544194780967,7.70873786407767,19
"OSBS03144",403472.975,3284791.162,10.768,10.768,4.49671259571358,6.35294117647059,19
"OSBS03145",403469.619,3284796.248,13.178,13.178,4.65944725707135,7.97183098591549,22
"OSBS03146",403481.413,3284798.084,10.16,10.16,4.30331436957676,6.54166666666667,18
"OSBS03147",403477.215,3284788.618,12.73,12.73,5.09949360329043,4.8,15
"OSBS03149",403492.057,3284803.645,16.168,16.168,6.54240454309666,7.48201438848921,20
"OSBS03152",403484.353,3284803.354,12.351,12.351,4.86717663523225,5.95652173913043,18
"OSBS03153",403486.177,3284800.484,11.32,11.32,5.04698477232746,8.2,17
"OSBS03163",403479.344,3284791.381,10.764,10.764,4.69611398515181,8.38461538461539,20
"OSBS03164",403485.453,3284806.461,10.888,10.888,4.38833862328863,5.44186046511628,19
"OSBS03181",403466.368,3284801.439,9.475,9.475,3.28256426376365,8.02739726027397,17
"OSBS03210",403494.555,3284585.22,17.709,17.709,7.08387040091991,6.40229885057471,19
"OSBS03215",403485.36,3284580.57,16.178,16.178,6.50998768730355,7.39130434782609,19
"OSBS03216",403488.207,3284579.107,13.317,13.317,5.73411376296998,7.94230769230769,18
"OSBS03217",403496.527,3284580.744,12.47,12.47,4.5768537779976,7.44755244755245,18
"OSBS03218",403501.005,3284587.214,12.252,12.252,4.98771572706586,6.98947368421053,17
"OSBS03220",403493.234,3284592.372,14.215,14.215,6.05392964534494,6.8936170212766,16
"OSBS03221",403493.234,3284592.372,14.256,14.256,5.88279299432388,6.20175438596491,17
"OSBS03222",403499.748,3284593.288,16.112,16.112,6.60402624163723,7.78205128205128,17
"OSBS03223",403501.026,3284594.564,16.027,16.027,6.91367857042125,5.86,17
"OSBS03225",403498.961,3284595.946,16.149,16.149,7.23666536507663,5.48453608247423,15
"OSBS03227",403495.947,3284596.336,14.44,14.44,6.18608771151874,7.17857142857143,19
"OSBS03254",403496.972,3284587.452,14.743,14.743,5.13015391677899,6.31168831168831,18
"OSBS03256",403496.954,3284593.061,12.081,12.081,5.26182873895214,5.03703703703704,15
"OSBS03326",403781.129,3284455.428,16.895,16.895,7.72599024879139,6.14457831325301,19
"OSBS03327",403768.661,3284459.173,15.912,15.912,6.81374293087286,7.59259259259259,21
"OSBS03329",403782.338,3284463.92,15.186,15.186,6.91447105569681,6.953125,18
"OSBS03330",403783.805,3284472.689,17.969,17.969,7.70895377467867,7.19205298013245,17
"OSBS03378",404121.344,3284727.338,13.417,13.417,6.00026481082294,6.4,8
"OSBS03379",404114.068,3284723.975,17.868,17.868,7.7044650885055,3.84444444444444,8
"OSBS03380",404112.619,3284721.135,14.735,14.735,6.23431128290202,5.42105263157895,11
"OSBS03382",404111.35,3284720.76,15.438,15.438,6.24352107790887,5.52631578947368,10
"OSBS03384",404121.679,3284720.761,0,0,0,9.12121212121212,13
"OSBS03386",404128.315,3284729.991,12.204,12.204,3.95508098165241,6.33333333333333,14
"OSBS03387",404119.546,3284734.816,8.331,8.331,2.96081664700625,8.52380952380952,17
"OSBS03388",404115.969,3284737.573,10.914,10.914,3.8704491978203,5.54166666666667,12
"OSBS03389",404120.13,3284737.41,10.229,10.229,3.14013391017742,6.42307692307692,12
"OSBS03394",404124.051,3284741.853,21.091,21.091,7.73518911374816,4.963133640553,14
"OSBS03396",404112.183,3284749.593,20.798,20.798,7.27777048872106,4.5054347826087,12
"OSBS03397",404111.211,3284739.694,0,0,0,8.88888888888889,15
"OSBS03415",404111.864,3284731.496,16.28,16.28,7.41654449822272,6.03921568627451,15
"OSBS03416",404114.192,3284725.37,16.726,16.726,7.12719376954011,5.97142857142857,12
"OSBS03417",404114.537,3284724.459,18.07,18.07,7.72860484079504,4.97674418604651,10
"OSBS03419",404118.258,3284726.153,0,0,0,8.85714285714286,11
"OSBS03420",404121.489,3284727.03,13.616,13.616,5.33559711536957,8.29411764705882,14
"OSBS03425",404115.834,3284717.158,10.354,10.354,3.28801168384881,5.57142857142857,11
"OSBS03426",404126.811,3284718.776,15.187,15.187,5.43858401124708,4.84782608695652,12
"OSBS03427",404129.892,3284722.16,0,0,0,11.325,16
"OSBS03428",404127.318,3284734.98,0,0,0,9.5,14
"OSBS03475",404096.229,3284869.051,13.306,13.306,4.95411267400122,5.27586206896552,10
"OSBS03476",404101.69,3284866.565,13.344,13.344,3.90396069162851,4.8,12
"OSBS03478",404094.543,3284861.854,9.608,9.608,2.97760988991079,7,15
"OSBS03479",404096.952,3284854.718,7.064,7.064,1.59453308059819,11.219512195122,18
"OSBS03480",404093.733,3284853.186,13.688,13.688,5.83849615102687,6.10714285714286,12
"OSBS03482",404100.977,3284859.33,9.863,9.863,3.48158629178671,6,15
"OSBS03483",404100.64,3284864.055,9.75,9.75,3.68807741099341,5.15254237288136,14
"OSBS03485",404103.969,3284865.813,10.69,10.69,3.97268174709934,5.5,14
"OSBS03500",404109.682,3284830.415,14.651,14.651,6.64127470685268,4.36633663366337,10
"OSBS03501",404102.523,3284869.645,16.514,16.514,7.12794749920338,4.74736842105263,11
"OSBS03502",404106.833,3284852.901,7.407,7.407,2.07125454396543,8.95238095238095,16
"OSBS03509",404099.966,3284833.795,9.297,9.297,2.20316053195074,8.64285714285714,17
"OSBS03510",404103.753,3284842.387,11.745,11.745,3.01105971664149,8.47133757961783,16
"OSBS03513",404107.866,3284846.808,6.877,6.877,1.34369159444198,10.0535714285714,17
"OSBS03517",404093.158,3284849.277,13.908,13.908,6.58335090510189,4.94117647058824,9
"OSBS03520",404096.716,3284844.785,9.053,9.053,2.81901837840954,6.43434343434343,15
"OSBS03522",404092.79,3284853.096,11.137,11.137,3.8517064706349,5.13636363636364,12
"OSBS03582",404108.847,3284861.922,7.7,7.7,3.58905827109749,5.08,10
"OSBS03591",404097.034,3284850.144,12.01,12.01,5.3354731874865,5.60869565217391,11
"OSBS03592",404102.195,3284848.602,9.588,9.588,3.78250554606071,5.67441860465116,15
"OSBS03703",404280.172,3284865.793,14.99,14.99,6.69820106507501,5.03424657534247,12
"OSBS03705",404276.625,3284852.981,10.84,10.84,4.10451190337076,4.63157894736842,13
"OSBS03706",404277.405,3284855.17,13.703,13.703,4.17344696291314,4.13793103448276,12
"OSBS03707",404272.673,3284851.089,10.144,10.144,3.89883592992138,5.87719298245614,13
"OSBS03708",404265.171,3284853.875,15.542,15.542,6.20349906302076,5.24,13
"OSBS03709",404264.106,3284854.546,9.045,9.045,4.04504697129712,4.6,8
"OSBS03710",404262.853,3284857.051,15.195,15.195,6.96069975619741,5.73831775700935,11
"OSBS03712",404260.458,3284852.907,12.624,12.624,1.5307530715937,9.048,19
"OSBS03720",404263.516,3284858.826,12.17,12.17,5.24761634450916,4.31428571428571,11
"OSBS03721",404262.37,3284865.735,18.478,18.478,7.27212805312999,3.97142857142857,11
"OSBS03722",404262.908,3284866.57,18.459,18.459,7.80685725748419,4.20858895705521,10
"OSBS03724",404262.49,3284866.724,19.566,19.566,7.96973518615627,4.06493506493506,8
"OSBS03725",404264.566,3284869.471,16.279,16.279,5.82102798849164,2.90909090909091,6
"OSBS03742",404242.164,3284849.641,14.269,14.269,6.16767911824167,4.28787878787879,10
"OSBS03743",404248.894,3284849.385,17.749,17.749,7.68802529888049,4.62264150943396,11
"OSBS03744",404251.992,3284848.797,16.367,16.367,6.71552992581234,4.46929824561404,12
"OSBS03746",404256.013,3284840.412,11.679,11.679,4.57089180735823,5.14583333333333,16
"OSBS03748",404256.624,3284837.202,14.043,14.043,5.93724864074446,5.94318181818182,16
"OSBS03749",404244.36,3284833.216,19.28,19.28,6.98282466319977,5.7286432160804,14
"OSBS03750",404246.384,3284835.985,14.836,14.836,6.00073015297204,5.57,14
"OSBS03752",404245.071,3284843.412,16.116,16.116,6.34350634203745,5.40853658536585,15
"OSBS03753",404250.31,3284846.9,14.9,14.9,5.68470805796469,4.62145110410095,14
"OSBS03754",404250.3,3284841.975,12.114,12.114,5.58319155481726,5.03846153846154,14
"OSBS03755",404252.541,3284841.516,13.388,13.388,5.73027796670911,4.0873786407767,10
"OSBS03757",404251.178,3284836.218,12.467,12.467,4.40296184648069,7.04807692307692,16
"OSBS03826",404260.134,3284747.062,0,0,0,6.85616438356164,12
"OSBS03827",404251.476,3284751.182,11.245,11.245,0.986251742710754,7.33076923076923,18
"OSBS03828",404247.039,3284751.344,12.883,12.883,4.97822683402189,7,12
"OSBS03830",404243.588,3284745.179,11.084,11.084,4.4782831896069,7.55,15
"OSBS03831",404250.878,3284740.647,0,0,0,8.48192771084337,14
"OSBS03832",404245.081,3284733.469,15.841,15.841,5.2489133083433,7.3558282208589,15
"OSBS03833",404247.614,3284730.444,12.651,12.651,5.2176167267913,6.38461538461539,11
"OSBS03834",404250.418,3284730.077,14.098,14.098,5.61482310253202,7.4,12
"OSBS03835",404258.718,3284731.704,20.433,20.433,8.28866075316641,3.84,10
"OSBS03836",404258.59,3284727.606,19.297,19.297,8.36277284491135,4.16464891041162,12
"OSBS03837",404251.793,3284725.086,12.266,12.266,5.99749545758363,6.5,14
"OSBS03838",404244.257,3284727.334,16.502,16.502,7.3195086771512,4.54545454545455,8
"OSBS03839",404244.93,3284731.594,17.369,17.369,7.82224919663732,3.88235294117647,9
"OSBS03842",404242.349,3284727.11,17.265,17.265,8.49854005913734,4.69491525423729,10
"OSBS03844",404241.174,3284725.732,17.829,17.829,8.86204002676006,5.46153846153846,8
"OSBS03847",404242.546,3284726.119,17.334,17.334,8.1179192601408,5.11363636363636,10
"OSBS03848",404244.626,3284724.322,16.354,16.354,7.5088495561218,5.05882352941176,11
"OSBS03849",404245.104,3284720.014,16.075,16.075,6.58264957214723,5.21973094170404,11
"OSBS03851",404249.25,3284719.829,14.331,14.331,7.17225325091342,5,8
"OSBS03852",404247.438,3284725.166,14.588,14.588,6.57189763339319,5.71186440677966,12
"OSBS03853",404251.186,3284719.452,15.908,15.908,6.43949908987714,5.21621621621622,9
"OSBS03855",404255.594,3284721.006,19.414,19.414,7.90647283402696,4.27124183006536,12
"OSBS03858",404250.394,3284712.397,13.755,13.755,5.95866662577651,4.61904761904762,10
"OSBS03860",404243.81,3284712.244,15.046,15.046,7.09867958872505,5,10
"OSBS06013",404094.486,3284837.588,8.008,8.008,2.9182966610083,6.85714285714286,15
"OSBS06016",404092.01,3284869.222,13.775,13.775,5.62362020113971,7.5,10
"OSBS06075",404249.284,3284718.806,13.401,13.401,6.42269212580341,5,7
"OSBS06088",404121.474,3284716.564,15.563,15.563,6.54388132953773,5.31182795698925,11
"OSBS06162",401570.603,3285846.53,27.463,27.463,12.1078814537543,6.21875,19
"OSBS06166",401569.747,3285851.332,30.328,30.328,10.0107170921368,6.76476683937824,22
"OSBS06242",404524.664,3288329.662,16.534,16.534,5.94763794463694,6.6260162601626,13
"OSBS06243",404528.148,3288333.72,19.831,19.831,6.18227795960521,5.49295774647887,18
"OSBS07452",403610.171,3285185.041,18.204,18.204,7.94998899714499,5.2089552238806,17
"OSBS07795",403667.861,3284395.594,6.444,6.444,2.6195244300204,9.05,17
"OSBS07796",403664.838,3284396.158,10.588,10.588,4.49316565556784,7,16
"OSBS07797",403670.163,3284398.23,7.568,7.568,3.46243796662515,5.36363636363636,13
"OSBS07977",404897.431,3284473.94,19.583,19.583,8.43287270555104,5.16546762589928,19
"OSBS07986",404241.097,3284751.283,16.22,16.22,7.03131040936244,6.06923076923077,14
"OSBS07992",404244.919,3284725.726,17.903,17.903,8.21642836294051,4.44,9
"OSBS08092",404113.385,3284713.785,0,0,0,8.5,10
